t,predicted,is_forecast
2026-10-10 18:05:10+00:00,1.67,False
2026-10-10 18:20:10+00:00,1.5465823814724884,True
2026-10-10 18:35:10+00:00,1.1907302013814451,True
2026-10-10 18:50:10+00:00,0.8376500608379643,True
2026-10-10 19:05:10+00:00,0.542194737619824,True
2026-10-10 19:20:10+00:00,0.5182866521941292,True
2026-10-10 19:35:10+00:00,0.4954985663559703,True
2026-10-10 19:50:10+00:00,0.47383048010534723,True
2026-10-10 20:05:10+00:00,0.49883517122003773,True
2026-10-10 20:20:10+00:00,0.6116570841444864,True
2026-10-10 20:35:10+00:00,0.7255989966564708,True
2026-10-10 20:50:10+00:00,0.8406609087559912,True
2026-10-10 21:05:10+00:00,0.9800928204430476,True
2026-10-10 21:20:10+00:00,1.341586792937004,True
2026-10-10 21:35:10+00:00,1.7023505863669848,True
2026-10-10 21:50:10+00:00,2.0623842007329896,True
2026-10-10 22:05:10+00:00,2.418415413812796,True
2026-10-10 22:20:10+00:00,2.7674886700508496,True
2026-10-10 22:35:10+00:00,3.1158317472249273,True
2026-10-10 22:50:10+00:00,3.4634446453350285,True
2026-10-10 23:05:10+00:00,3.7816523643811544,True
2026-10-10 23:20:10+00:00,4.044554904363304,True
2026-10-10 23:35:10+00:00,4.306727265281479,True
2026-10-10 23:50:10+00:00,4.568169447135677,True
2026-10-11 00:05:10+00:00,4.779970338814788,True
2026-10-11 00:20:10+00:00,4.868479441561012,True
2026-10-11 00:35:10+00:00,4.956587669388288,True
2026-10-11 00:50:10+00:00,5.044295022296616,True
2026-10-11 01:05:10+00:00,5.078126500285995,True
2026-10-11 01:20:10+00:00,5.009782103356429,True
2026-10-11 01:35:10+00:00,4.941036831507915,True
2026-10-11 01:50:10+00:00,4.871890684740453,True
2026-10-11 02:05:10+00:00,4.763249218609598,True
2026-10-11 02:20:10+00:00,4.57980132200424,True
2026-10-11 02:35:10+00:00,4.395952550479935,True
2026-10-11 02:50:10+00:00,4.211702904036683,True
2026-10-11 03:05:10+00:00,4.010260716007815,True
2026-10-11 03:20:10+00:00,3.776459319726668,True
2026-10-11 03:35:10+00:00,3.542257048526572,True
2026-10-11 03:50:10+00:00,3.307653902407529,True
2026-10-11 04:05:10+00:00,3.0745443258139824,True
2026-10-11 04:20:10+00:00,2.8446394298570437,True
2026-10-11 04:35:10+00:00,2.614333658981158,True
2026-10-11 04:50:10+00:00,2.383627013186324,True
2026-10-11 05:05:10+00:00,2.1707750480280983,True
2026-10-11 05:20:10+00:00,1.9922666523953694,True
2026-10-11 05:35:10+00:00,1.8133573818436928,True
2026-10-11 05:50:10+00:00,1.6340472363730687,True
2026-10-11 06:05:10+00:00,1.4918806604279413,True
2026-10-11 06:20:10+00:00,1.3912750635527902,True
2026-10-11 06:35:10+00:00,1.290649155649874,True
2026-10-11 06:50:10+00:00,1.1900029367191924,True
2026-10-11 07:05:10+00:00,1.142294740094079,True
2026-10-11 07:20:10+00:00,1.1953578991078668,True
2026-10-11 07:35:10+00:00,1.2484007470938896,True
2026-10-11 07:50:10+00:00,1.301423284052147,True
2026-10-11 08:05:10+00:00,1.4066088433159725,True
2026-10-11 08:20:10+00:00,1.6110907582186993,True
2026-10-11 08:35:10+00:00,1.8155523620936607,True
2026-10-11 08:50:10+00:00,2.019993654940857,True
2026-10-11 09:05:10+00:00,2.2581701923158435,True
2026-10-11 09:20:10+00:00,2.5605708631075093,True
2026-10-11 09:35:10+00:00,2.8629512228714096,True
2026-10-11 09:50:10+00:00,3.165311271607545,True
2026-10-11 10:05:10+00:00,3.4745398982048035,True
2026-10-11 10:20:10+00:00,3.7968593248854083,True
2026-10-11 10:35:10+00:00,4.119158440538248,True
2026-10-11 10:50:10+00:00,4.441437245163321,True
2026-10-11 11:05:10+00:00,4.74277073876063,True
2026-10-11 11:20:10+00:00,5.004258921330173,True
2026-10-11 11:35:10+00:00,5.265726792871952,True
2026-10-11 11:50:10+00:00,5.527174353385966,True
2026-10-11 12:05:10+00:00,5.742876602872213,True
2026-10-11 12:20:10+00:00,5.871533541330695,True
2026-10-11 12:35:10+00:00,6.000170168761413,True
2026-10-11 12:50:10+00:00,6.128786485164364,True
2026-10-11 13:05:10+00:00,6.198568601650662,True
2026-10-11 13:20:10+00:00,6.1563942959980835,True
2026-10-11 13:35:10+00:00,6.114199679317739,True
2026-10-11 13:50:10+00:00,6.07198475160963,True
2026-10-11 14:05:10+00:00,5.977996735095978,True
2026-10-11 14:20:10+00:00,5.785491185332338,True
2026-10-11 14:35:10+00:00,5.592965324540932,True
2026-10-11 14:50:10+00:00,5.400419152721762,True
2026-10-11 15:05:10+00:00,5.17788600320816,True
2026-10-11 15:20:10+00:00,4.8982992093334605,True
2026-10-11 15:35:10+00:00,4.618692104430993,True
2026-10-11 15:50:10+00:00,4.339064688500763,True
2026-10-11 16:05:10+00:00,4.052355850431654,True
2026-10-11 16:20:10+00:00,3.7521878124458925,True
2026-10-11 16:35:10+00:00,3.451999463432365,True
2026-10-11 16:50:10+00:00,3.151790803391073,True
2026-10-11 17:05:10+00:00,2.863100721210904,True
2026-10-11 17:20:10+00:00,2.5963514391140805,True
2026-10-11 17:35:10+00:00,2.3295818459894924,True
2026-10-11 17:50:10+00:00,2.0627919418371388,True
2026-10-11 18:05:10+00:00,1.8267233933236866,True
2026-10-11 18:20:10+00:00,1.6449308001810476,True
2026-10-11 18:35:10+00:00,1.4631966262337235,True
2026-10-11 18:50:10+00:00,1.2815208714817135,True
2026-10-11 19:05:10+00:00,1.1488146470361287,True
2026-10-11 19:20:10+00:00,1.109255730674747,True
2026-10-11 19:35:10+00:00,1.0697552335086797,True
2026-10-11 19:50:10+00:00,1.0303131555379266,True
2026-10-11 20:05:10+00:00,1.0443183856513767,True
2026-10-11 20:20:10+00:00,1.159993146071252,True
2026-10-11 20:35:10+00:00,1.2757263256864415,True
2026-10-11 20:50:10+00:00,1.3915179244969456,True
2026-10-11 21:05:10+00:00,1.5462040536138748,True
2026-10-11 21:20:10+00:00,1.774862490815007,True
2026-10-11 21:35:10+00:00,2.0035793472114536,True
2026-10-11 21:50:10+00:00,2.2323546228032143,True
2026-10-11 22:05:10+00:00,2.4749660953680674,True
2026-10-11 22:20:10+00:00,2.743858209350457,True
2026-10-11 22:35:10+00:00,3.0128087425281604,True
2026-10-11 22:50:10+00:00,3.2818176949011786,True
2026-10-11 23:05:10+00:00,3.539001733136177,True
2026-10-11 23:20:10+00:00,3.773627523899824,True
2026-10-11 23:35:10+00:00,4.008311733858784,True
2026-10-11 23:50:10+00:00,4.243054363013059,True
2026-10-12 00:05:10+00:00,4.444358189140425,True
2026-10-12 00:20:10+00:00,4.581967656685329,True
2026-10-12 00:35:10+00:00,4.719635543425547,True
2026-10-12 00:50:10+00:00,4.857361849361078,True
2026-10-12 01:05:10+00:00,4.946838241158591,True
2026-10-12 01:20:10+00:00,4.9444313854847515,True
2026-10-12 01:35:10+00:00,4.9420829490062275,True
2026-10-12 01:50:10+00:00,4.939792931723016,True
2026-10-12 02:05:10+00:00,4.890200222524008,True
2026-10-12 02:20:10+00:00,4.7505270436314255,True
2026-10-12 02:35:10+00:00,4.610912283934157,True
2026-10-12 02:50:10+00:00,4.4713559434322026,True
2026-10-12 03:05:10+00:00,4.30068579990334,True
2026-10-12 03:20:10+00:00,4.070746297792015,True
2026-10-12 03:35:10+00:00,3.8408652148760027,True
2026-10-12 03:50:10+00:00,3.6110425511553053,True
2026-10-12 04:05:10+00:00,3.3710310844077003,True
2026-10-12 04:20:10+00:00,3.111575259077632,True
2026-10-12 04:35:10+00:00,2.8521778529428774,True
2026-10-12 04:50:10+00:00,2.5928388660034374,True
2026-10-12 05:05:10+00:00,2.3402749649259778,True
2026-10-12 05:20:10+00:00,2.1005528163771663,True
2026-10-12 05:35:10+00:00,1.8608890870236687,True
2026-10-12 05:50:10+00:00,1.6212837768654857,True
2026-10-12 06:05:10+00:00,1.4048146636803944,True
2026-10-12 06:20:10+00:00,1.2390646636803946,True
