t,illumination,phase_angle,phase_name
2026-07-14 15:00:00+00:00,0.0014,0.14,new
2026-07-14 16:00:00+00:00,0.0017,0.17,new
2026-07-14 17:00:00+00:00,0.002,0.2,new
2026-07-14 18:00:00+00:00,0.0024,0.24,new
2026-07-14 19:00:00+00:00,0.0028,0.28,new
2026-07-14 20:00:00+00:00,0.0033,0.33,new
2026-07-14 21:00:00+00:00,0.0039,0.39,new
2026-07-14 22:00:00+00:00,0.0044,0.44,new
2026-07-14 23:00:00+00:00,0.0051,0.51,new
2026-07-15 00:00:00+00:00,0.0058,0.58,new
2026-07-15 01:00:00+00:00,0.0065,0.65,new
2026-07-15 02:00:00+00:00,0.0073,0.73,new
2026-07-15 03:00:00+00:00,0.0082,0.82,new
2026-07-15 04:00:00+00:00,0.009,0.9,new
2026-07-15 05:00:00+00:00,0.01,1.0,new
2026-07-15 06:00:00+00:00,0.011,1.1,new
2026-07-15 07:00:00+00:00,0.012,1.2,new
2026-07-15 08:00:00+00:00,0.0131,1.31,new
2026-07-15 09:00:00+00:00,0.0142,1.42,new
2026-07-15 10:00:00+00:00,0.0154,1.54,new
2026-07-15 11:00:00+00:00,0.0167,1.67,new
2026-07-15 12:00:00+00:00,0.0179,1.79,new
2026-07-15 13:00:00+00:00,0.0193,1.93,new
2026-07-15 14:00:00+00:00,0.0207,2.07,new
2026-07-15 15:00:00+00:00,0.0221,2.21,new
2026-07-15 16:00:00+00:00,0.0236,2.36,new
2026-07-15 17:00:00+00:00,0.0251,2.51,new
2026-07-15 18:00:00+00:00,0.0266,2.66,new
2026-07-15 19:00:00+00:00,0.0282,2.82,new
2026-07-15 20:00:00+00:00,0.0299,2.99,new
2026-07-15 21:00:00+00:00,0.0316,3.16,waxing_crescent
2026-07-15 22:00:00+00:00,0.0333,3.33,waxing_crescent
2026-07-15 23:00:00+00:00,0.0351,3.51,waxing_crescent
2026-07-16 00:00:00+00:00,0.037,3.7,waxing_crescent
2026-07-16 01:00:00+00:00,0.0388,3.88,waxing_crescent
2026-07-16 02:00:00+00:00,0.0408,4.08,waxing_crescent
2026-07-16 03:00:00+00:00,0.0427,4.27,waxing_crescent
2026-07-16 04:00:00+00:00,0.0447,4.47,waxing_crescent
2026-07-16 05:00:00+00:00,0.0468,4.68,waxing_crescent
2026-07-16 06:00:00+00:00,0.0489,4.89,waxing_crescent
2026-07-16 07:00:00+00:00,0.051,5.1,waxing_crescent
2026-07-16 08:00:00+00:00,0.0532,5.32,waxing_crescent
2026-07-16 09:00:00+00:00,0.0554,5.54,waxing_crescent
2026-07-16 10:00:00+00:00,0.0576,5.76,waxing_crescent
2026-07-16 11:00:00+00:00,0.0599,5.99,waxing_crescent
2026-07-16 12:00:00+00:00,0.0623,6.23,waxing_crescent
2026-07-16 13:00:00+00:00,0.0646,6.46,waxing_crescent
2026-07-16 14:00:00+00:00,0.067,6.7,waxing_crescent
2026-07-16 15:00:00+00:00,0.0695,6.95,waxing_crescent
2026-07-16 16:00:00+00:00,0.072,7.2,waxing_crescent
2026-07-16 17:00:00+00:00,0.0745,7.45,waxing_crescent
2026-07-16 18:00:00+00:00,0.0771,7.71,waxing_crescent
2026-07-16 19:00:00+00:00,0.0796,7.96,waxing_crescent
2026-07-16 20:00:00+00:00,0.0823,8.23,waxing_crescent
2026-07-16 21:00:00+00:00,0.0849,8.49,waxing_crescent
2026-07-16 22:00:00+00:00,0.0877,8.77,waxing_crescent
2026-07-16 23:00:00+00:00,0.0904,9.04,waxing_crescent
2026-07-17 00:00:00+00:00,0.0932,9.32,waxing_crescent
2026-07-17 01:00:00+00:00,0.096,9.6,waxing_crescent
2026-07-17 02:00:00+00:00,0.0988,9.88,waxing_crescent
2026-07-17 03:00:00+00:00,0.1017,10.17,waxing_crescent
2026-07-17 04:00:00+00:00,0.1046,10.46,waxing_crescent
2026-07-17 05:00:00+00:00,0.1075,10.75,waxing_crescent
2026-07-17 06:00:00+00:00,0.1105,11.05,waxing_crescent
2026-07-17 07:00:00+00:00,0.1135,11.35,waxing_crescent
2026-07-17 08:00:00+00:00,0.1165,11.65,waxing_crescent
2026-07-17 09:00:00+00:00,0.1196,11.96,waxing_crescent
2026-07-17 10:00:00+00:00,0.1227,12.27,waxing_crescent
2026-07-17 11:00:00+00:00,0.1258,12.58,waxing_crescent
2026-07-17 12:00:00+00:00,0.1289,12.89,waxing_crescent
2026-07-17 13:00:00+00:00,0.1321,13.21,waxing_crescent
2026-07-17 14:00:00+00:00,0.1353,13.53,waxing_crescent
2026-07-17 15:00:00+00:00,0.1386,13.86,waxing_crescent
2026-07-17 16:00:00+00:00,0.1418,14.18,waxing_crescent
2026-07-17 17:00:00+00:00,0.1451,14.51,waxing_crescent
2026-07-17 18:00:00+00:00,0.1484,14.84,waxing_crescent
2026-07-17 19:00:00+00:00,0.1518,15.18,waxing_crescent
2026-07-17 20:00:00+00:00,0.1551,15.51,waxing_crescent
2026-07-17 21:00:00+00:00,0.1585,15.85,waxing_crescent
2026-07-17 22:00:00+00:00,0.1619,16.19,waxing_crescent
2026-07-17 23:00:00+00:00,0.1654,16.54,waxing_crescent
2026-07-18 00:00:00+00:00,0.1688,16.88,waxing_crescent
2026-07-18 01:00:00+00:00,0.1723,17.23,waxing_crescent
2026-07-18 02:00:00+00:00,0.1758,17.58,waxing_crescent
2026-07-18 03:00:00+00:00,0.1794,17.94,waxing_crescent
2026-07-18 04:00:00+00:00,0.1829,18.29,waxing_crescent
2026-07-18 05:00:00+00:00,0.1865,18.65,waxing_crescent
2026-07-18 06:00:00+00:00,0.1901,19.01,waxing_crescent
2026-07-18 07:00:00+00:00,0.1937,19.37,waxing_crescent
2026-07-18 08:00:00+00:00,0.1974,19.74,waxing_crescent
2026-07-18 09:00:00+00:00,0.201,20.1,waxing_crescent
2026-07-18 10:00:00+00:00,0.2047,20.47,waxing_crescent
2026-07-18 11:00:00+00:00,0.2084,20.84,waxing_crescent
2026-07-18 12:00:00+00:00,0.2121,21.21,waxing_crescent
2026-07-18 13:00:00+00:00,0.2158,21.58,waxing_crescent
2026-07-18 14:00:00+00:00,0.2196,21.96,waxing_crescent
2026-07-18 15:00:00+00:00,0.2234,22.34,waxing_crescent
2026-07-18 16:00:00+00:00,0.2272,22.72,waxing_crescent
2026-07-18 17:00:00+00:00,0.231,23.1,waxing_crescent
2026-07-18 18:00:00+00:00,0.2348,23.48,waxing_crescent
2026-07-18 19:00:00+00:00,0.2386,23.86,waxing_crescent
2026-07-18 20:00:00+00:00,0.2425,24.25,waxing_crescent
2026-07-18 21:00:00+00:00,0.2463,24.63,waxing_crescent
2026-07-18 22:00:00+00:00,0.2502,25.02,waxing_crescent
2026-07-18 23:00:00+00:00,0.2541,25.41,waxing_crescent
2026-07-19 00:00:00+00:00,0.258,25.8,waxing_crescent
2026-07-19 01:00:00+00:00,0.2619,26.19,waxing_crescent
2026-07-19 02:00:00+00:00,0.2659,26.59,waxing_crescent
2026-07-19 03:00:00+00:00,0.2698,26.98,waxing_crescent
2026-07-19 04:00:00+00:00,0.2738,27.38,waxing_crescent
2026-07-19 05:00:00+00:00,0.2778,27.78,waxing_crescent
2026-07-19 06:00:00+00:00,0.2817,28.17,waxing_crescent
2026-07-19 07:00:00+00:00,0.2857,28.57,waxing_crescent
2026-07-19 08:00:00+00:00,0.2897,28.97,waxing_crescent
2026-07-19 09:00:00+00:00,0.2938,29.38,waxing_crescent
2026-07-19 10:00:00+00:00,0.2978,29.78,waxing_crescent
2026-07-19 11:00:00+00:00,0.3018,30.18,waxing_crescent
2026-07-19 12:00:00+00:00,0.3059,30.59,waxing_crescent
2026-07-19 13:00:00+00:00,0.3099,30.99,waxing_crescent
2026-07-19 14:00:00+00:00,0.314,31.4,waxing_crescent
2026-07-19 15:00:00+00:00,0.3181,31.81,waxing_crescent
2026-07-19 16:00:00+00:00,0.3221,32.21,waxing_crescent
2026-07-19 17:00:00+00:00,0.3262,32.62,waxing_crescent
2026-07-19 18:00:00+00:00,0.3303,33.03,waxing_crescent
2026-07-19 19:00:00+00:00,0.3344,33.44,waxing_crescent
2026-07-19 20:00:00+00:00,0.3385,33.85,waxing_crescent
2026-07-19 21:00:00+00:00,0.3426,34.26,waxing_crescent
2026-07-19 22:00:00+00:00,0.3468,34.68,waxing_crescent
2026-07-19 23:00:00+00:00,0.3509,35.09,first_quarter
2026-07-20 00:00:00+00:00,0.355,35.5,first_quarter
2026-07-20 01:00:00+00:00,0.3592,35.92,first_quarter
2026-07-20 02:00:00+00:00,0.3633,36.33,first_quarter
2026-07-20 03:00:00+00:00,0.3675,36.75,first_quarter
2026-07-20 04:00:00+00:00,0.3716,37.16,first_quarter
2026-07-20 05:00:00+00:00,0.3758,37.58,first_quarter
2026-07-20 06:00:00+00:00,0.3799,37.99,first_quarter
2026-07-20 07:00:00+00:00,0.3841,38.41,first_quarter
2026-07-20 08:00:00+00:00,0.3882,38.82,first_quarter
2026-07-20 09:00:00+00:00,0.3924,39.24,first_quarter
2026-07-20 10:00:00+00:00,0.3966,39.66,first_quarter
2026-07-20 11:00:00+00:00,0.4008,40.08,first_quarter
2026-07-20 12:00:00+00:00,0.4049,40.49,first_quarter
2026-07-20 13:00:00+00:00,0.4091,40.91,first_quarter
2026-07-20 14:00:00+00:00,0.4133,41.33,first_quarter
2026-07-20 15:00:00+00:00,0.4175,41.75,first_quarter
2026-07-20 16:00:00+00:00,0.4216,42.16,first_quarter
2026-07-20 17:00:00+00:00,0.4258,42.58,first_quarter
2026-07-20 18:00:00+00:00,0.43,43.0,first_quarter
2026-07-20 19:00:00+00:00,0.4342,43.42,first_quarter
2026-07-20 20:00:00+00:00,0.4383,43.83,first_quarter
2026-07-20 21:00:00+00:00,0.4425,44.25,first_quarter
2026-07-20 22:00:00+00:00,0.4467,44.67,first_quarter
2026-07-20 23:00:00+00:00,0.4509,45.09,first_quarter
2026-07-21 00:00:00+00:00,0.4551,45.51,first_quarter
2026-07-21 01:00:00+00:00,0.4592,45.92,first_quarter
2026-07-21 02:00:00+00:00,0.4634,46.34,first_quarter
2026-07-21 03:00:00+00:00,0.4676,46.76,first_quarter
2026-07-21 04:00:00+00:00,0.4717,47.17,first_quarter
2026-07-21 05:00:00+00:00,0.4759,47.59,first_quarter
2026-07-21 06:00:00+00:00,0.48,48.0,first_quarter
2026-07-21 07:00:00+00:00,0.4842,48.42,first_quarter
2026-07-21 08:00:00+00:00,0.4884,48.84,first_quarter
2026-07-21 09:00:00+00:00,0.4925,49.25,first_quarter
2026-07-21 10:00:00+00:00,0.4966,49.66,first_quarter
2026-07-21 11:00:00+00:00,0.5008,50.08,last_quarter
2026-07-21 12:00:00+00:00,0.5049,50.49,last_quarter
2026-07-21 13:00:00+00:00,0.5091,50.91,last_quarter
2026-07-21 14:00:00+00:00,0.5132,51.32,last_quarter
2026-07-21 15:00:00+00:00,0.5173,51.73,last_quarter
2026-07-21 16:00:00+00:00,0.5214,52.14,last_quarter
2026-07-21 17:00:00+00:00,0.5255,52.55,last_quarter
2026-07-21 18:00:00+00:00,0.5296,52.96,last_quarter
2026-07-21 19:00:00+00:00,0.5337,53.37,last_quarter
2026-07-21 20:00:00+00:00,0.5378,53.78,last_quarter
2026-07-21 21:00:00+00:00,0.5419,54.19,last_quarter
2026-07-21 22:00:00+00:00,0.546,54.6,last_quarter
2026-07-21 23:00:00+00:00,0.5501,55.01,last_quarter
2026-07-22 00:00:00+00:00,0.5541,55.41,last_quarter
2026-07-22 01:00:00+00:00,0.5582,55.82,last_quarter
2026-07-22 02:00:00+00:00,0.5622,56.22,last_quarter
2026-07-22 03:00:00+00:00,0.5663,56.63,last_quarter
2026-07-22 04:00:00+00:00,0.5703,57.03,last_quarter
2026-07-22 05:00:00+00:00,0.5743,57.43,last_quarter
2026-07-22 06:00:00+00:00,0.5783,57.83,last_quarter
2026-07-22 07:00:00+00:00,0.5824,58.24,last_quarter
2026-07-22 08:00:00+00:00,0.5864,58.64,last_quarter
2026-07-22 09:00:00+00:00,0.5903,59.03,last_quarter
2026-07-22 10:00:00+00:00,0.5943,59.43,last_quarter
2026-07-22 11:00:00+00:00,0.5983,59.83,last_quarter
2026-07-22 12:00:00+00:00,0.6023,60.23,last_quarter
2026-07-22 13:00:00+00:00,0.6062,60.62,last_quarter
2026-07-22 14:00:00+00:00,0.6102,61.02,last_quarter
2026-07-22 15:00:00+00:00,0.6141,61.41,last_quarter
2026-07-22 16:00:00+00:00,0.618,61.8,last_quarter
2026-07-22 17:00:00+00:00,0.6219,62.19,last_quarter
2026-07-22 18:00:00+00:00,0.6258,62.58,last_quarter
2026-07-22 19:00:00+00:00,0.6297,62.97,last_quarter
2026-07-22 20:00:00+00:00,0.6336,63.36,last_quarter
2026-07-22 21:00:00+00:00,0.6375,63.75,last_quarter
2026-07-22 22:00:00+00:00,0.6413,64.13,last_quarter
2026-07-22 23:00:00+00:00,0.6452,64.52,last_quarter
2026-07-23 00:00:00+00:00,0.649,64.9,last_quarter
2026-07-23 01:00:00+00:00,0.6528,65.28,waning_gibbous
2026-07-23 02:00:00+00:00,0.6566,65.66,waning_gibbous
2026-07-23 03:00:00+00:00,0.6604,66.04,waning_gibbous
2026-07-23 04:00:00+00:00,0.6642,66.42,waning_gibbous
2026-07-23 05:00:00+00:00,0.668,66.8,waning_gibbous
2026-07-23 06:00:00+00:00,0.6717,67.17,waning_gibbous
2026-07-23 07:00:00+00:00,0.6755,67.55,waning_gibbous
2026-07-23 08:00:00+00:00,0.6792,67.92,waning_gibbous
2026-07-23 09:00:00+00:00,0.6829,68.29,waning_gibbous
2026-07-23 10:00:00+00:00,0.6866,68.66,waning_gibbous
2026-07-23 11:00:00+00:00,0.6903,69.03,waning_gibbous
2026-07-23 12:00:00+00:00,0.694,69.4,waning_gibbous
2026-07-23 13:00:00+00:00,0.6977,69.77,waning_gibbous
2026-07-23 14:00:00+00:00,0.7013,70.13,waning_gibbous
2026-07-23 15:00:00+00:00,0.705,70.5,waning_gibbous
2026-07-23 16:00:00+00:00,0.7086,70.86,waning_gibbous
2026-07-23 17:00:00+00:00,0.7122,71.22,waning_gibbous
2026-07-23 18:00:00+00:00,0.7158,71.58,waning_gibbous
2026-07-23 19:00:00+00:00,0.7194,71.94,waning_gibbous
2026-07-23 20:00:00+00:00,0.7229,72.29,waning_gibbous
2026-07-23 21:00:00+00:00,0.7265,72.65,waning_gibbous
2026-07-23 22:00:00+00:00,0.73,73.0,waning_gibbous
2026-07-23 23:00:00+00:00,0.7335,73.35,waning_gibbous
2026-07-24 00:00:00+00:00,0.737,73.7,waning_gibbous
2026-07-24 01:00:00+00:00,0.7405,74.05,waning_gibbous
2026-07-24 02:00:00+00:00,0.7439,74.39,waning_gibbous
2026-07-24 03:00:00+00:00,0.7474,74.74,waning_gibbous
2026-07-24 04:00:00+00:00,0.7508,75.08,waning_gibbous
2026-07-24 05:00:00+00:00,0.7542,75.42,waning_gibbous
2026-07-24 06:00:00+00:00,0.7576,75.76,waning_gibbous
2026-07-24 07:00:00+00:00,0.761,76.1,waning_gibbous
2026-07-24 08:00:00+00:00,0.7644,76.44,waning_gibbous
2026-07-24 09:00:00+00:00,0.7677,76.77,waning_gibbous
2026-07-24 10:00:00+00:00,0.7711,77.11,waning_gibbous
2026-07-24 11:00:00+00:00,0.7744,77.44,waning_gibbous
2026-07-24 12:00:00+00:00,0.7777,77.77,waning_gibbous
2026-07-24 13:00:00+00:00,0.7809,78.09,waning_gibbous
2026-07-24 14:00:00+00:00,0.7842,78.42,waning_gibbous
2026-07-24 15:00:00+00:00,0.7874,78.74,waning_gibbous
2026-07-24 16:00:00+00:00,0.7906,79.06,waning_gibbous
2026-07-24 17:00:00+00:00,0.7938,79.38,waning_gibbous
2026-07-24 18:00:00+00:00,0.797,79.7,waning_gibbous
2026-07-24 19:00:00+00:00,0.8002,80.02,waning_gibbous
2026-07-24 20:00:00+00:00,0.8033,80.33,waning_gibbous
2026-07-24 21:00:00+00:00,0.8065,80.65,waning_gibbous
2026-07-24 22:00:00+00:00,0.8096,80.96,waning_gibbous
2026-07-24 23:00:00+00:00,0.8127,81.27,waning_gibbous
2026-07-25 00:00:00+00:00,0.8157,81.57,waning_gibbous
2026-07-25 01:00:00+00:00,0.8188,81.88,waning_gibbous
2026-07-25 02:00:00+00:00,0.8218,82.18,waning_gibbous
2026-07-25 03:00:00+00:00,0.8248,82.48,waning_gibbous
2026-07-25 04:00:00+00:00,0.8278,82.78,waning_gibbous
2026-07-25 05:00:00+00:00,0.8308,83.08,waning_gibbous
2026-07-25 06:00:00+00:00,0.8337,83.37,waning_gibbous
2026-07-25 07:00:00+00:00,0.8366,83.66,waning_gibbous
2026-07-25 08:00:00+00:00,0.8395,83.95,waning_gibbous
2026-07-25 09:00:00+00:00,0.8424,84.24,waning_gibbous
2026-07-25 10:00:00+00:00,0.8453,84.53,waning_gibbous
2026-07-25 11:00:00+00:00,0.8481,84.81,waning_gibbous
2026-07-25 12:00:00+00:00,0.8509,85.09,waning_gibbous
2026-07-25 13:00:00+00:00,0.8537,85.37,waning_gibbous
2026-07-25 14:00:00+00:00,0.8565,85.65,waning_gibbous
2026-07-25 15:00:00+00:00,0.8592,85.92,waning_gibbous
2026-07-25 16:00:00+00:00,0.862,86.2,waning_gibbous
2026-07-25 17:00:00+00:00,0.8647,86.47,waning_gibbous
2026-07-25 18:00:00+00:00,0.8674,86.74,waning_gibbous
2026-07-25 19:00:00+00:00,0.87,87.0,waning_gibbous
2026-07-25 20:00:00+00:00,0.8727,87.27,waning_gibbous
2026-07-25 21:00:00+00:00,0.8753,87.53,waning_gibbous
2026-07-25 22:00:00+00:00,0.8779,87.79,waning_gibbous
2026-07-25 23:00:00+00:00,0.8804,88.04,waning_gibbous
2026-07-26 00:00:00+00:00,0.883,88.3,waning_gibbous
2026-07-26 01:00:00+00:00,0.8855,88.55,waning_gibbous
2026-07-26 02:00:00+00:00,0.888,88.8,waning_gibbous
2026-07-26 03:00:00+00:00,0.8905,89.05,waning_gibbous
2026-07-26 04:00:00+00:00,0.8929,89.29,waning_gibbous
2026-07-26 05:00:00+00:00,0.8954,89.54,waning_gibbous
2026-07-26 06:00:00+00:00,0.8978,89.78,waning_gibbous
2026-07-26 07:00:00+00:00,0.9001,90.01,waning_gibbous
2026-07-26 08:00:00+00:00,0.9025,90.25,waning_gibbous
2026-07-26 09:00:00+00:00,0.9048,90.48,waning_gibbous
2026-07-26 10:00:00+00:00,0.9071,90.71,waning_gibbous
2026-07-26 11:00:00+00:00,0.9094,90.94,waning_gibbous
2026-07-26 12:00:00+00:00,0.9117,91.17,waning_gibbous
2026-07-26 13:00:00+00:00,0.9139,91.39,waning_gibbous
2026-07-26 14:00:00+00:00,0.9161,91.61,waning_gibbous
2026-07-26 15:00:00+00:00,0.9183,91.83,waning_gibbous
2026-07-26 16:00:00+00:00,0.9204,92.04,waning_gibbous
2026-07-26 17:00:00+00:00,0.9226,92.26,waning_gibbous
2026-07-26 18:00:00+00:00,0.9247,92.47,waning_gibbous
2026-07-26 19:00:00+00:00,0.9267,92.67,waning_gibbous
2026-07-26 20:00:00+00:00,0.9288,92.88,waning_gibbous
2026-07-26 21:00:00+00:00,0.9308,93.08,waning_gibbous
2026-07-26 22:00:00+00:00,0.9328,93.28,waning_gibbous
2026-07-26 23:00:00+00:00,0.9348,93.48,waning_gibbous
2026-07-27 00:00:00+00:00,0.9367,93.67,waning_gibbous
2026-07-27 01:00:00+00:00,0.9386,93.86,waning_gibbous
2026-07-27 02:00:00+00:00,0.9405,94.05,waning_gibbous
2026-07-27 03:00:00+00:00,0.9424,94.24,waning_gibbous
2026-07-27 04:00:00+00:00,0.9442,94.42,waning_gibbous
2026-07-27 05:00:00+00:00,0.946,94.6,waning_gibbous
2026-07-27 06:00:00+00:00,0.9478,94.78,waning_gibbous
2026-07-27 07:00:00+00:00,0.9495,94.95,waning_gibbous
2026-07-27 08:00:00+00:00,0.9513,95.13,waning_gibbous
2026-07-27 09:00:00+00:00,0.953,95.3,waning_gibbous
2026-07-27 10:00:00+00:00,0.9546,95.46,waning_gibbous
2026-07-27 11:00:00+00:00,0.9563,95.63,waning_gibbous
2026-07-27 12:00:00+00:00,0.9579,95.79,waning_gibbous
2026-07-27 13:00:00+00:00,0.9595,95.95,waning_gibbous
2026-07-27 14:00:00+00:00,0.961,96.1,waning_gibbous
2026-07-27 15:00:00+00:00,0.9625,96.25,waning_gibbous
2026-07-27 16:00:00+00:00,0.964,96.4,waning_gibbous
2026-07-27 17:00:00+00:00,0.9655,96.55,waning_gibbous
2026-07-27 18:00:00+00:00,0.9669,96.69,waning_gibbous
2026-07-27 19:00:00+00:00,0.9683,96.83,waning_gibbous
2026-07-27 20:00:00+00:00,0.9697,96.97,waning_gibbous
2026-07-27 21:00:00+00:00,0.9711,97.11,full
2026-07-27 22:00:00+00:00,0.9724,97.24,full
2026-07-27 23:00:00+00:00,0.9737,97.37,full
2026-07-28 00:00:00+00:00,0.9749,97.49,full
2026-07-28 01:00:00+00:00,0.9762,97.62,full
2026-07-28 02:00:00+00:00,0.9774,97.74,full
2026-07-28 03:00:00+00:00,0.9785,97.85,full
2026-07-28 04:00:00+00:00,0.9797,97.97,full
2026-07-28 05:00:00+00:00,0.9808,98.08,full
2026-07-28 06:00:00+00:00,0.9819,98.19,full
2026-07-28 07:00:00+00:00,0.9829,98.29,full
2026-07-28 08:00:00+00:00,0.9839,98.39,full
2026-07-28 09:00:00+00:00,0.9849,98.49,full
2026-07-28 10:00:00+00:00,0.9859,98.59,full
2026-07-28 11:00:00+00:00,0.9868,98.68,full
2026-07-28 12:00:00+00:00,0.9877,98.77,full
2026-07-28 13:00:00+00:00,0.9886,98.86,full
2026-07-28 14:00:00+00:00,0.9894,98.94,full
2026-07-28 15:00:00+00:00,0.9902,99.02,full
2026-07-28 16:00:00+00:00,0.991,99.1,full
2026-07-28 17:00:00+00:00,0.9917,99.17,full
2026-07-28 18:00:00+00:00,0.9924,99.24,full
2026-07-28 19:00:00+00:00,0.9931,99.31,full
2026-07-28 20:00:00+00:00,0.9937,99.37,full
2026-07-28 21:00:00+00:00,0.9943,99.43,full
2026-07-28 22:00:00+00:00,0.9949,99.49,full
2026-07-28 23:00:00+00:00,0.9954,99.54,full
2026-07-29 00:00:00+00:00,0.9959,99.59,full
2026-07-29 01:00:00+00:00,0.9964,99.64,full
2026-07-29 02:00:00+00:00,0.9969,99.69,full
2026-07-29 03:00:00+00:00,0.9973,99.73,full
2026-07-29 04:00:00+00:00,0.9977,99.77,full
2026-07-29 05:00:00+00:00,0.998,99.8,full
2026-07-29 06:00:00+00:00,0.9983,99.83,full
2026-07-29 07:00:00+00:00,0.9986,99.86,full
2026-07-29 08:00:00+00:00,0.9989,99.89,full
2026-07-29 09:00:00+00:00,0.9991,99.91,full
2026-07-29 10:00:00+00:00,0.9993,99.93,full
2026-07-29 11:00:00+00:00,0.9994,99.94,full
2026-07-29 12:00:00+00:00,0.9995,99.95,full
2026-07-29 13:00:00+00:00,0.9996,99.96,full
2026-07-29 14:00:00+00:00,0.9997,99.97,full
2026-07-29 15:00:00+00:00,0.9997,99.97,full
2026-07-29 16:00:00+00:00,0.9997,99.97,full
2026-07-29 17:00:00+00:00,0.9996,99.96,full
2026-07-29 18:00:00+00:00,0.9995,99.95,full
2026-07-29 19:00:00+00:00,0.9994,99.94,full
2026-07-29 20:00:00+00:00,0.9993,99.93,full
2026-07-29 21:00:00+00:00,0.9991,99.91,full
2026-07-29 22:00:00+00:00,0.9989,99.89,full
2026-07-29 23:00:00+00:00,0.9986,99.86,full
2026-07-30 00:00:00+00:00,0.9983,99.83,full
2026-07-30 01:00:00+00:00,0.998,99.8,full
2026-07-30 02:00:00+00:00,0.9976,99.76,full
2026-07-30 03:00:00+00:00,0.9973,99.73,full
2026-07-30 04:00:00+00:00,0.9968,99.68,full
2026-07-30 05:00:00+00:00,0.9964,99.64,full
2026-07-30 06:00:00+00:00,0.9959,99.59,full
2026-07-30 07:00:00+00:00,0.9954,99.54,full
2026-07-30 08:00:00+00:00,0.9948,99.48,full
2026-07-30 09:00:00+00:00,0.9942,99.42,full
2026-07-30 10:00:00+00:00,0.9936,99.36,full
2026-07-30 11:00:00+00:00,0.9929,99.29,full
2026-07-30 12:00:00+00:00,0.9922,99.22,full
2026-07-30 13:00:00+00:00,0.9915,99.15,full
2026-07-30 14:00:00+00:00,0.9907,99.07,full
2026-07-30 15:00:00+00:00,0.9899,98.99,full
2026-07-30 16:00:00+00:00,0.9891,98.91,full
2026-07-30 17:00:00+00:00,0.9882,98.82,full
2026-07-30 18:00:00+00:00,0.9873,98.73,full
2026-07-30 19:00:00+00:00,0.9864,98.64,full
2026-07-30 20:00:00+00:00,0.9854,98.54,full
2026-07-30 21:00:00+00:00,0.9844,98.44,full
2026-07-30 22:00:00+00:00,0.9834,98.34,full
2026-07-30 23:00:00+00:00,0.9823,98.23,full
2026-07-31 00:00:00+00:00,0.9812,98.12,full
2026-07-31 01:00:00+00:00,0.98,98.0,full
2026-07-31 02:00:00+00:00,0.9789,97.89,full
2026-07-31 03:00:00+00:00,0.9776,97.76,full
2026-07-31 04:00:00+00:00,0.9764,97.64,full
2026-07-31 05:00:00+00:00,0.9751,97.51,full
2026-07-31 06:00:00+00:00,0.9738,97.38,full
2026-07-31 07:00:00+00:00,0.9724,97.24,full
2026-07-31 08:00:00+00:00,0.9711,97.11,full
2026-07-31 09:00:00+00:00,0.9696,96.96,waning_gibbous
2026-07-31 10:00:00+00:00,0.9682,96.82,waning_gibbous
2026-07-31 11:00:00+00:00,0.9667,96.67,waning_gibbous
2026-07-31 12:00:00+00:00,0.9652,96.52,waning_gibbous
2026-07-31 13:00:00+00:00,0.9636,96.36,waning_gibbous
2026-07-31 14:00:00+00:00,0.962,96.2,waning_gibbous
2026-07-31 15:00:00+00:00,0.9604,96.04,waning_gibbous
2026-07-31 16:00:00+00:00,0.9588,95.88,waning_gibbous
2026-07-31 17:00:00+00:00,0.9571,95.71,waning_gibbous
2026-07-31 18:00:00+00:00,0.9553,95.53,waning_gibbous
2026-07-31 19:00:00+00:00,0.9536,95.36,waning_gibbous
2026-07-31 20:00:00+00:00,0.9518,95.18,waning_gibbous
2026-07-31 21:00:00+00:00,0.95,95.0,waning_gibbous
2026-07-31 22:00:00+00:00,0.9481,94.81,waning_gibbous
2026-07-31 23:00:00+00:00,0.9462,94.62,waning_gibbous
2026-08-01 00:00:00+00:00,0.9443,94.43,waning_gibbous
2026-08-01 01:00:00+00:00,0.9423,94.23,waning_gibbous
2026-08-01 02:00:00+00:00,0.9403,94.03,waning_gibbous
2026-08-01 03:00:00+00:00,0.9383,93.83,waning_gibbous
2026-08-01 04:00:00+00:00,0.9362,93.62,waning_gibbous
2026-08-01 05:00:00+00:00,0.9341,93.41,waning_gibbous
2026-08-01 06:00:00+00:00,0.932,93.2,waning_gibbous
2026-08-01 07:00:00+00:00,0.9299,92.99,waning_gibbous
2026-08-01 08:00:00+00:00,0.9277,92.77,waning_gibbous
2026-08-01 09:00:00+00:00,0.9254,92.54,waning_gibbous
2026-08-01 10:00:00+00:00,0.9232,92.32,waning_gibbous
2026-08-01 11:00:00+00:00,0.9209,92.09,waning_gibbous
2026-08-01 12:00:00+00:00,0.9186,91.86,waning_gibbous
2026-08-01 13:00:00+00:00,0.9162,91.62,waning_gibbous
2026-08-01 14:00:00+00:00,0.9138,91.38,waning_gibbous
2026-08-01 15:00:00+00:00,0.9114,91.14,waning_gibbous
2026-08-01 16:00:00+00:00,0.9089,90.89,waning_gibbous
2026-08-01 17:00:00+00:00,0.9065,90.65,waning_gibbous
2026-08-01 18:00:00+00:00,0.9039,90.39,waning_gibbous
2026-08-01 19:00:00+00:00,0.9014,90.14,waning_gibbous
2026-08-01 20:00:00+00:00,0.8988,89.88,waning_gibbous
2026-08-01 21:00:00+00:00,0.8962,89.62,waning_gibbous
2026-08-01 22:00:00+00:00,0.8935,89.35,waning_gibbous
2026-08-01 23:00:00+00:00,0.8909,89.09,waning_gibbous
2026-08-02 00:00:00+00:00,0.8882,88.82,waning_gibbous
2026-08-02 01:00:00+00:00,0.8854,88.54,waning_gibbous
2026-08-02 02:00:00+00:00,0.8827,88.27,waning_gibbous
2026-08-02 03:00:00+00:00,0.8799,87.99,waning_gibbous
2026-08-02 04:00:00+00:00,0.877,87.7,waning_gibbous
2026-08-02 05:00:00+00:00,0.8742,87.42,waning_gibbous
2026-08-02 06:00:00+00:00,0.8713,87.13,waning_gibbous
2026-08-02 07:00:00+00:00,0.8683,86.83,waning_gibbous
2026-08-02 08:00:00+00:00,0.8654,86.54,waning_gibbous
2026-08-02 09:00:00+00:00,0.8624,86.24,waning_gibbous
2026-08-02 10:00:00+00:00,0.8594,85.94,waning_gibbous
2026-08-02 11:00:00+00:00,0.8564,85.64,waning_gibbous
2026-08-02 12:00:00+00:00,0.8533,85.33,waning_gibbous
2026-08-02 13:00:00+00:00,0.8502,85.02,waning_gibbous
2026-08-02 14:00:00+00:00,0.8471,84.71,waning_gibbous
2026-08-02 15:00:00+00:00,0.8439,84.39,waning_gibbous
2026-08-02 16:00:00+00:00,0.8407,84.07,waning_gibbous
2026-08-02 17:00:00+00:00,0.8375,83.75,waning_gibbous
2026-08-02 18:00:00+00:00,0.8342,83.42,waning_gibbous
2026-08-02 19:00:00+00:00,0.831,83.1,waning_gibbous
2026-08-02 20:00:00+00:00,0.8277,82.77,waning_gibbous
2026-08-02 21:00:00+00:00,0.8243,82.43,waning_gibbous
2026-08-02 22:00:00+00:00,0.821,82.1,waning_gibbous
2026-08-02 23:00:00+00:00,0.8176,81.76,waning_gibbous
2026-08-03 00:00:00+00:00,0.8142,81.42,waning_gibbous
2026-08-03 01:00:00+00:00,0.8107,81.07,waning_gibbous
2026-08-03 02:00:00+00:00,0.8073,80.73,waning_gibbous
2026-08-03 03:00:00+00:00,0.8038,80.38,waning_gibbous
2026-08-03 04:00:00+00:00,0.8003,80.03,waning_gibbous
2026-08-03 05:00:00+00:00,0.7967,79.67,waning_gibbous
2026-08-03 06:00:00+00:00,0.7931,79.31,waning_gibbous
2026-08-03 07:00:00+00:00,0.7895,78.95,waning_gibbous
2026-08-03 08:00:00+00:00,0.7859,78.59,waning_gibbous
2026-08-03 09:00:00+00:00,0.7823,78.23,waning_gibbous
2026-08-03 10:00:00+00:00,0.7786,77.86,waning_gibbous
2026-08-03 11:00:00+00:00,0.7749,77.49,waning_gibbous
2026-08-03 12:00:00+00:00,0.7712,77.12,waning_gibbous
2026-08-03 13:00:00+00:00,0.7674,76.74,waning_gibbous
2026-08-03 14:00:00+00:00,0.7636,76.36,waning_gibbous
2026-08-03 15:00:00+00:00,0.7598,75.98,waning_gibbous
2026-08-03 16:00:00+00:00,0.756,75.6,waning_gibbous
2026-08-03 17:00:00+00:00,0.7522,75.22,waning_gibbous
2026-08-03 18:00:00+00:00,0.7483,74.83,waning_gibbous
2026-08-03 19:00:00+00:00,0.7444,74.44,waning_gibbous
2026-08-03 20:00:00+00:00,0.7405,74.05,waning_gibbous
2026-08-03 21:00:00+00:00,0.7366,73.66,waning_gibbous
2026-08-03 22:00:00+00:00,0.7326,73.26,waning_gibbous
2026-08-03 23:00:00+00:00,0.7286,72.86,waning_gibbous
2026-08-04 00:00:00+00:00,0.7246,72.46,waning_gibbous
2026-08-04 01:00:00+00:00,0.7206,72.06,waning_gibbous
2026-08-04 02:00:00+00:00,0.7165,71.65,waning_gibbous
2026-08-04 03:00:00+00:00,0.7125,71.25,waning_gibbous
2026-08-04 04:00:00+00:00,0.7084,70.84,waning_gibbous
2026-08-04 05:00:00+00:00,0.7043,70.43,waning_gibbous
2026-08-04 06:00:00+00:00,0.7001,70.01,waning_gibbous
2026-08-04 07:00:00+00:00,0.696,69.6,waning_gibbous
2026-08-04 08:00:00+00:00,0.6918,69.18,waning_gibbous
2026-08-04 09:00:00+00:00,0.6876,68.76,waning_gibbous
2026-08-04 10:00:00+00:00,0.6834,68.34,waning_gibbous
2026-08-04 11:00:00+00:00,0.6792,67.92,waning_gibbous
2026-08-04 12:00:00+00:00,0.6749,67.49,waning_gibbous
2026-08-04 13:00:00+00:00,0.6707,67.07,waning_gibbous
2026-08-04 14:00:00+00:00,0.6664,66.64,waning_gibbous
2026-08-04 15:00:00+00:00,0.6621,66.21,waning_gibbous
2026-08-04 16:00:00+00:00,0.6578,65.78,waning_gibbous
2026-08-04 17:00:00+00:00,0.6534,65.34,waning_gibbous
2026-08-04 18:00:00+00:00,0.6491,64.91,last_quarter
2026-08-04 19:00:00+00:00,0.6447,64.47,last_quarter
2026-08-04 20:00:00+00:00,0.6403,64.03,last_quarter
2026-08-04 21:00:00+00:00,0.6359,63.59,last_quarter
2026-08-04 22:00:00+00:00,0.6315,63.15,last_quarter
2026-08-04 23:00:00+00:00,0.6271,62.71,last_quarter
2026-08-05 00:00:00+00:00,0.6226,62.26,last_quarter
2026-08-05 01:00:00+00:00,0.6182,61.82,last_quarter
2026-08-05 02:00:00+00:00,0.6137,61.37,last_quarter
2026-08-05 03:00:00+00:00,0.6092,60.92,last_quarter
2026-08-05 04:00:00+00:00,0.6047,60.47,last_quarter
2026-08-05 05:00:00+00:00,0.6002,60.02,last_quarter
2026-08-05 06:00:00+00:00,0.5957,59.57,last_quarter
2026-08-05 07:00:00+00:00,0.5911,59.11,last_quarter
2026-08-05 08:00:00+00:00,0.5866,58.66,last_quarter
2026-08-05 09:00:00+00:00,0.582,58.2,last_quarter
2026-08-05 10:00:00+00:00,0.5774,57.74,last_quarter
2026-08-05 11:00:00+00:00,0.5729,57.29,last_quarter
2026-08-05 12:00:00+00:00,0.5683,56.83,last_quarter
2026-08-05 13:00:00+00:00,0.5637,56.37,last_quarter
2026-08-05 14:00:00+00:00,0.559,55.9,last_quarter
2026-08-05 15:00:00+00:00,0.5544,55.44,last_quarter
2026-08-05 16:00:00+00:00,0.5498,54.98,last_quarter
2026-08-05 17:00:00+00:00,0.5451,54.51,last_quarter
2026-08-05 18:00:00+00:00,0.5405,54.05,last_quarter
2026-08-05 19:00:00+00:00,0.5358,53.58,last_quarter
2026-08-05 20:00:00+00:00,0.5312,53.12,last_quarter
2026-08-05 21:00:00+00:00,0.5265,52.65,last_quarter
2026-08-05 22:00:00+00:00,0.5218,52.18,last_quarter
2026-08-05 23:00:00+00:00,0.5171,51.71,last_quarter
2026-08-06 00:00:00+00:00,0.5124,51.24,last_quarter
2026-08-06 01:00:00+00:00,0.5077,50.77,last_quarter
2026-08-06 02:00:00+00:00,0.503,50.3,last_quarter
2026-08-06 03:00:00+00:00,0.4983,49.83,first_quarter
2026-08-06 04:00:00+00:00,0.4936,49.36,first_quarter
2026-08-06 05:00:00+00:00,0.4889,48.89,first_quarter
2026-08-06 06:00:00+00:00,0.4842,48.42,first_quarter
2026-08-06 07:00:00+00:00,0.4795,47.95,first_quarter
2026-08-06 08:00:00+00:00,0.4747,47.47,first_quarter
2026-08-06 09:00:00+00:00,0.47,47.0,first_quarter
2026-08-06 10:00:00+00:00,0.4653,46.53,first_quarter
2026-08-06 11:00:00+00:00,0.4606,46.06,first_quarter
2026-08-06 12:00:00+00:00,0.4558,45.58,first_quarter
2026-08-06 13:00:00+00:00,0.4511,45.11,first_quarter
2026-08-06 14:00:00+00:00,0.4464,44.64,first_quarter
2026-08-06 15:00:00+00:00,0.4417,44.17,first_quarter
2026-08-06 16:00:00+00:00,0.4369,43.69,first_quarter
2026-08-06 17:00:00+00:00,0.4322,43.22,first_quarter
2026-08-06 18:00:00+00:00,0.4275,42.75,first_quarter
2026-08-06 19:00:00+00:00,0.4228,42.28,first_quarter
2026-08-06 20:00:00+00:00,0.418,41.8,first_quarter
2026-08-06 21:00:00+00:00,0.4133,41.33,first_quarter
2026-08-06 22:00:00+00:00,0.4086,40.86,first_quarter
2026-08-06 23:00:00+00:00,0.4039,40.39,first_quarter
2026-08-07 00:00:00+00:00,0.3992,39.92,first_quarter
2026-08-07 01:00:00+00:00,0.3945,39.45,first_quarter
2026-08-07 02:00:00+00:00,0.3898,38.98,first_quarter
2026-08-07 03:00:00+00:00,0.3851,38.51,first_quarter
2026-08-07 04:00:00+00:00,0.3805,38.05,first_quarter
2026-08-07 05:00:00+00:00,0.3758,37.58,first_quarter
2026-08-07 06:00:00+00:00,0.3711,37.11,first_quarter
2026-08-07 07:00:00+00:00,0.3665,36.65,first_quarter
2026-08-07 08:00:00+00:00,0.3618,36.18,first_quarter
2026-08-07 09:00:00+00:00,0.3572,35.72,first_quarter
2026-08-07 10:00:00+00:00,0.3525,35.25,first_quarter
2026-08-07 11:00:00+00:00,0.3479,34.79,waxing_crescent
2026-08-07 12:00:00+00:00,0.3433,34.33,waxing_crescent
2026-08-07 13:00:00+00:00,0.3387,33.87,waxing_crescent
2026-08-07 14:00:00+00:00,0.3341,33.41,waxing_crescent
2026-08-07 15:00:00+00:00,0.3296,32.96,waxing_crescent
2026-08-07 16:00:00+00:00,0.325,32.5,waxing_crescent
2026-08-07 17:00:00+00:00,0.3204,32.04,waxing_crescent
2026-08-07 18:00:00+00:00,0.3159,31.59,waxing_crescent
2026-08-07 19:00:00+00:00,0.3114,31.14,waxing_crescent
2026-08-07 20:00:00+00:00,0.3069,30.69,waxing_crescent
2026-08-07 21:00:00+00:00,0.3024,30.24,waxing_crescent
2026-08-07 22:00:00+00:00,0.2979,29.79,waxing_crescent
2026-08-07 23:00:00+00:00,0.2935,29.35,waxing_crescent
2026-08-08 00:00:00+00:00,0.289,28.9,waxing_crescent
2026-08-08 01:00:00+00:00,0.2846,28.46,waxing_crescent
2026-08-08 02:00:00+00:00,0.2802,28.02,waxing_crescent
2026-08-08 03:00:00+00:00,0.2758,27.58,waxing_crescent
2026-08-08 04:00:00+00:00,0.2714,27.14,waxing_crescent
2026-08-08 05:00:00+00:00,0.267,26.7,waxing_crescent
2026-08-08 06:00:00+00:00,0.2627,26.27,waxing_crescent
2026-08-08 07:00:00+00:00,0.2584,25.84,waxing_crescent
2026-08-08 08:00:00+00:00,0.2541,25.41,waxing_crescent
2026-08-08 09:00:00+00:00,0.2498,24.98,waxing_crescent
2026-08-08 10:00:00+00:00,0.2456,24.56,waxing_crescent
2026-08-08 11:00:00+00:00,0.2413,24.13,waxing_crescent
2026-08-08 12:00:00+00:00,0.2371,23.71,waxing_crescent
2026-08-08 13:00:00+00:00,0.2329,23.29,waxing_crescent
2026-08-08 14:00:00+00:00,0.2288,22.88,waxing_crescent
2026-08-08 15:00:00+00:00,0.2246,22.46,waxing_crescent
2026-08-08 16:00:00+00:00,0.2205,22.05,waxing_crescent
2026-08-08 17:00:00+00:00,0.2164,21.64,waxing_crescent
2026-08-08 18:00:00+00:00,0.2124,21.24,waxing_crescent
2026-08-08 19:00:00+00:00,0.2083,20.83,waxing_crescent
2026-08-08 20:00:00+00:00,0.2043,20.43,waxing_crescent
2026-08-08 21:00:00+00:00,0.2003,20.03,waxing_crescent
2026-08-08 22:00:00+00:00,0.1964,19.64,waxing_crescent
2026-08-08 23:00:00+00:00,0.1924,19.24,waxing_crescent
2026-08-09 00:00:00+00:00,0.1885,18.85,waxing_crescent
2026-08-09 01:00:00+00:00,0.1847,18.47,waxing_crescent
2026-08-09 02:00:00+00:00,0.1808,18.08,waxing_crescent
2026-08-09 03:00:00+00:00,0.177,17.7,waxing_crescent
2026-08-09 04:00:00+00:00,0.1732,17.32,waxing_crescent
2026-08-09 05:00:00+00:00,0.1695,16.95,waxing_crescent
2026-08-09 06:00:00+00:00,0.1657,16.57,waxing_crescent
2026-08-09 07:00:00+00:00,0.162,16.2,waxing_crescent
2026-08-09 08:00:00+00:00,0.1584,15.84,waxing_crescent
2026-08-09 09:00:00+00:00,0.1548,15.48,waxing_crescent
2026-08-09 10:00:00+00:00,0.1512,15.12,waxing_crescent
2026-08-09 11:00:00+00:00,0.1476,14.76,waxing_crescent
2026-08-09 12:00:00+00:00,0.1441,14.41,waxing_crescent
2026-08-09 13:00:00+00:00,0.1406,14.06,waxing_crescent
2026-08-09 14:00:00+00:00,0.1371,13.71,waxing_crescent
2026-08-09 15:00:00+00:00,0.1337,13.37,waxing_crescent
2026-08-09 16:00:00+00:00,0.1303,13.03,waxing_crescent
2026-08-09 17:00:00+00:00,0.127,12.7,waxing_crescent
2026-08-09 18:00:00+00:00,0.1236,12.36,waxing_crescent
2026-08-09 19:00:00+00:00,0.1204,12.04,waxing_crescent
2026-08-09 20:00:00+00:00,0.1171,11.71,waxing_crescent
2026-08-09 21:00:00+00:00,0.1139,11.39,waxing_crescent
2026-08-09 22:00:00+00:00,0.1107,11.07,waxing_crescent
2026-08-09 23:00:00+00:00,0.1076,10.76,waxing_crescent
2026-08-10 00:00:00+00:00,0.1045,10.45,waxing_crescent
2026-08-10 01:00:00+00:00,0.1015,10.15,waxing_crescent
2026-08-10 02:00:00+00:00,0.0985,9.85,waxing_crescent
2026-08-10 03:00:00+00:00,0.0955,9.55,waxing_crescent
2026-08-10 04:00:00+00:00,0.0926,9.26,waxing_crescent
2026-08-10 05:00:00+00:00,0.0897,8.97,waxing_crescent
2026-08-10 06:00:00+00:00,0.0868,8.68,waxing_crescent
2026-08-10 07:00:00+00:00,0.084,8.4,waxing_crescent
2026-08-10 08:00:00+00:00,0.0812,8.12,waxing_crescent
2026-08-10 09:00:00+00:00,0.0785,7.85,waxing_crescent
2026-08-10 10:00:00+00:00,0.0758,7.58,waxing_crescent
2026-08-10 11:00:00+00:00,0.0732,7.32,waxing_crescent
2026-08-10 12:00:00+00:00,0.0706,7.06,waxing_crescent
2026-08-10 13:00:00+00:00,0.0681,6.81,waxing_crescent
2026-08-10 14:00:00+00:00,0.0655,6.55,waxing_crescent
2026-08-10 15:00:00+00:00,0.0631,6.31,waxing_crescent
2026-08-10 16:00:00+00:00,0.0607,6.07,waxing_crescent
2026-08-10 17:00:00+00:00,0.0583,5.83,waxing_crescent
2026-08-10 18:00:00+00:00,0.0559,5.59,waxing_crescent
2026-08-10 19:00:00+00:00,0.0537,5.37,waxing_crescent
2026-08-10 20:00:00+00:00,0.0514,5.14,waxing_crescent
2026-08-10 21:00:00+00:00,0.0492,4.92,waxing_crescent
2026-08-10 22:00:00+00:00,0.0471,4.71,waxing_crescent
2026-08-10 23:00:00+00:00,0.045,4.5,waxing_crescent
2026-08-11 00:00:00+00:00,0.0429,4.29,waxing_crescent
2026-08-11 01:00:00+00:00,0.0409,4.09,waxing_crescent
2026-08-11 02:00:00+00:00,0.0389,3.89,waxing_crescent
2026-08-11 03:00:00+00:00,0.037,3.7,waxing_crescent
2026-08-11 04:00:00+00:00,0.0351,3.51,waxing_crescent
2026-08-11 05:00:00+00:00,0.0333,3.33,waxing_crescent
2026-08-11 06:00:00+00:00,0.0315,3.15,waxing_crescent
2026-08-11 07:00:00+00:00,0.0298,2.98,new
2026-08-11 08:00:00+00:00,0.0281,2.81,new
2026-08-11 09:00:00+00:00,0.0265,2.65,new
2026-08-11 10:00:00+00:00,0.0249,2.49,new
2026-08-11 11:00:00+00:00,0.0234,2.34,new
2026-08-11 12:00:00+00:00,0.0219,2.19,new
2026-08-11 13:00:00+00:00,0.0204,2.04,new
2026-08-11 14:00:00+00:00,0.019,1.9,new
2026-08-11 15:00:00+00:00,0.0177,1.77,new
2026-08-11 16:00:00+00:00,0.0164,1.64,new
2026-08-11 17:00:00+00:00,0.0152,1.52,new
2026-08-11 18:00:00+00:00,0.014,1.4,new
2026-08-11 19:00:00+00:00,0.0128,1.28,new
2026-08-11 20:00:00+00:00,0.0117,1.17,new
2026-08-11 21:00:00+00:00,0.0107,1.07,new
2026-08-11 22:00:00+00:00,0.0097,0.97,new
2026-08-11 23:00:00+00:00,0.0087,0.87,new
2026-08-12 00:00:00+00:00,0.0078,0.78,new
2026-08-12 01:00:00+00:00,0.007,0.7,new
2026-08-12 02:00:00+00:00,0.0062,0.62,new
2026-08-12 03:00:00+00:00,0.0054,0.54,new
2026-08-12 04:00:00+00:00,0.0047,0.47,new
2026-08-12 05:00:00+00:00,0.0041,0.41,new
2026-08-12 06:00:00+00:00,0.0035,0.35,new
2026-08-12 07:00:00+00:00,0.0029,0.29,new
2026-08-12 08:00:00+00:00,0.0024,0.24,new
2026-08-12 09:00:00+00:00,0.0019,0.19,new
2026-08-12 10:00:00+00:00,0.0015,0.15,new
2026-08-12 11:00:00+00:00,0.0012,0.12,new
2026-08-12 12:00:00+00:00,0.0009,0.09,new
2026-08-12 13:00:00+00:00,0.0006,0.06,new
2026-08-12 14:00:00+00:00,0.0004,0.04,new
2026-08-12 15:00:00+00:00,0.0002,0.02,new
2026-08-12 16:00:00+00:00,0.0001,0.01,new
2026-08-12 17:00:00+00:00,0.0001,0.01,new
2026-08-12 18:00:00+00:00,0.0001,0.01,new
2026-08-12 19:00:00+00:00,0.0001,0.01,new
2026-08-12 20:00:00+00:00,0.0002,0.02,new
2026-08-12 21:00:00+00:00,0.0003,0.03,new
2026-08-12 22:00:00+00:00,0.0005,0.05,new
2026-08-12 23:00:00+00:00,0.0007,0.07,new
2026-08-13 00:00:00+00:00,0.001,0.1,new
2026-08-13 01:00:00+00:00,0.0013,0.13,new
2026-08-13 02:00:00+00:00,0.0017,0.17,new
2026-08-13 03:00:00+00:00,0.0021,0.21,new
2026-08-13 04:00:00+00:00,0.0026,0.26,new
2026-08-13 05:00:00+00:00,0.0031,0.31,new
2026-08-13 06:00:00+00:00,0.0037,0.37,new
2026-08-13 07:00:00+00:00,0.0043,0.43,new
2026-08-13 08:00:00+00:00,0.0049,0.49,new
2026-08-13 09:00:00+00:00,0.0056,0.56,new
2026-08-13 10:00:00+00:00,0.0064,0.64,new
2026-08-13 11:00:00+00:00,0.0072,0.72,new
2026-08-13 12:00:00+00:00,0.008,0.8,new
2026-08-13 13:00:00+00:00,0.0089,0.89,new
2026-08-13 14:00:00+00:00,0.0098,0.98,new
2026-08-13 15:00:00+00:00,0.0108,1.08,new
2026-08-13 16:00:00+00:00,0.0118,1.18,new
2026-08-13 17:00:00+00:00,0.0129,1.29,new
2026-08-13 18:00:00+00:00,0.014,1.4,new
2026-08-13 19:00:00+00:00,0.0151,1.51,new
2026-08-13 20:00:00+00:00,0.0163,1.63,new
2026-08-13 21:00:00+00:00,0.0175,1.75,new
2026-08-13 22:00:00+00:00,0.0188,1.88,new
2026-08-13 23:00:00+00:00,0.0201,2.01,new
2026-08-14 00:00:00+00:00,0.0215,2.15,new
2026-08-14 01:00:00+00:00,0.0229,2.29,new
2026-08-14 02:00:00+00:00,0.0244,2.44,new
2026-08-14 03:00:00+00:00,0.0259,2.59,new
2026-08-14 04:00:00+00:00,0.0274,2.74,new
2026-08-14 05:00:00+00:00,0.029,2.9,new
2026-08-14 06:00:00+00:00,0.0306,3.06,waxing_crescent
2026-08-14 07:00:00+00:00,0.0322,3.22,waxing_crescent
2026-08-14 08:00:00+00:00,0.0339,3.39,waxing_crescent
2026-08-14 09:00:00+00:00,0.0357,3.57,waxing_crescent
2026-08-14 10:00:00+00:00,0.0374,3.74,waxing_crescent
2026-08-14 11:00:00+00:00,0.0393,3.93,waxing_crescent
2026-08-14 12:00:00+00:00,0.0411,4.11,waxing_crescent
2026-08-14 13:00:00+00:00,0.043,4.3,waxing_crescent
2026-08-14 14:00:00+00:00,0.0449,4.49,waxing_crescent
2026-08-14 15:00:00+00:00,0.0469,4.69,waxing_crescent
2026-08-14 16:00:00+00:00,0.0489,4.89,waxing_crescent
2026-08-14 17:00:00+00:00,0.0509,5.09,waxing_crescent
2026-08-14 18:00:00+00:00,0.053,5.3,waxing_crescent
2026-08-14 19:00:00+00:00,0.0551,5.51,waxing_crescent
2026-08-14 20:00:00+00:00,0.0573,5.73,waxing_crescent
2026-08-14 21:00:00+00:00,0.0595,5.95,waxing_crescent
2026-08-14 22:00:00+00:00,0.0617,6.17,waxing_crescent
2026-08-14 23:00:00+00:00,0.064,6.4,waxing_crescent
2026-08-15 00:00:00+00:00,0.0662,6.62,waxing_crescent
2026-08-15 01:00:00+00:00,0.0686,6.86,waxing_crescent
2026-08-15 02:00:00+00:00,0.0709,7.09,waxing_crescent
2026-08-15 03:00:00+00:00,0.0733,7.33,waxing_crescent
2026-08-15 04:00:00+00:00,0.0757,7.57,waxing_crescent
2026-08-15 05:00:00+00:00,0.0782,7.82,waxing_crescent
2026-08-15 06:00:00+00:00,0.0807,8.07,waxing_crescent
2026-08-15 07:00:00+00:00,0.0832,8.32,waxing_crescent
2026-08-15 08:00:00+00:00,0.0858,8.58,waxing_crescent
2026-08-15 09:00:00+00:00,0.0884,8.84,waxing_crescent
2026-08-15 10:00:00+00:00,0.091,9.1,waxing_crescent
2026-08-15 11:00:00+00:00,0.0936,9.36,waxing_crescent
2026-08-15 12:00:00+00:00,0.0963,9.63,waxing_crescent
2026-08-15 13:00:00+00:00,0.099,9.9,waxing_crescent
2026-08-15 14:00:00+00:00,0.1018,10.18,waxing_crescent
2026-08-15 15:00:00+00:00,0.1045,10.45,waxing_crescent
2026-08-15 16:00:00+00:00,0.1073,10.73,waxing_crescent
2026-08-15 17:00:00+00:00,0.1101,11.01,waxing_crescent
2026-08-15 18:00:00+00:00,0.113,11.3,waxing_crescent
2026-08-15 19:00:00+00:00,0.1159,11.59,waxing_crescent
2026-08-15 20:00:00+00:00,0.1188,11.88,waxing_crescent
2026-08-15 21:00:00+00:00,0.1217,12.17,waxing_crescent
2026-08-15 22:00:00+00:00,0.1247,12.47,waxing_crescent
2026-08-15 23:00:00+00:00,0.1277,12.77,waxing_crescent
2026-08-16 00:00:00+00:00,0.1307,13.07,waxing_crescent
2026-08-16 01:00:00+00:00,0.1337,13.37,waxing_crescent
2026-08-16 02:00:00+00:00,0.1368,13.68,waxing_crescent
2026-08-16 03:00:00+00:00,0.1399,13.99,waxing_crescent
2026-08-16 04:00:00+00:00,0.143,14.3,waxing_crescent
2026-08-16 05:00:00+00:00,0.1461,14.61,waxing_crescent
2026-08-16 06:00:00+00:00,0.1493,14.93,waxing_crescent
2026-08-16 07:00:00+00:00,0.1525,15.25,waxing_crescent
2026-08-16 08:00:00+00:00,0.1557,15.57,waxing_crescent
2026-08-16 09:00:00+00:00,0.1589,15.89,waxing_crescent
2026-08-16 10:00:00+00:00,0.1622,16.22,waxing_crescent
2026-08-16 11:00:00+00:00,0.1654,16.54,waxing_crescent
2026-08-16 12:00:00+00:00,0.1687,16.87,waxing_crescent
2026-08-16 13:00:00+00:00,0.1721,17.21,waxing_crescent
2026-08-16 14:00:00+00:00,0.1754,17.54,waxing_crescent
2026-08-16 15:00:00+00:00,0.1787,17.87,waxing_crescent
2026-08-16 16:00:00+00:00,0.1821,18.21,waxing_crescent
2026-08-16 17:00:00+00:00,0.1855,18.55,waxing_crescent
2026-08-16 18:00:00+00:00,0.1889,18.89,waxing_crescent
2026-08-16 19:00:00+00:00,0.1924,19.24,waxing_crescent
2026-08-16 20:00:00+00:00,0.1958,19.58,waxing_crescent
2026-08-16 21:00:00+00:00,0.1993,19.93,waxing_crescent
2026-08-16 22:00:00+00:00,0.2028,20.28,waxing_crescent
2026-08-16 23:00:00+00:00,0.2063,20.63,waxing_crescent
2026-08-17 00:00:00+00:00,0.2098,20.98,waxing_crescent
2026-08-17 01:00:00+00:00,0.2134,21.34,waxing_crescent
2026-08-17 02:00:00+00:00,0.2169,21.69,waxing_crescent
2026-08-17 03:00:00+00:00,0.2205,22.05,waxing_crescent
2026-08-17 04:00:00+00:00,0.2241,22.41,waxing_crescent
2026-08-17 05:00:00+00:00,0.2277,22.77,waxing_crescent
2026-08-17 06:00:00+00:00,0.2313,23.13,waxing_crescent
2026-08-17 07:00:00+00:00,0.235,23.5,waxing_crescent
2026-08-17 08:00:00+00:00,0.2386,23.86,waxing_crescent
2026-08-17 09:00:00+00:00,0.2423,24.23,waxing_crescent
2026-08-17 10:00:00+00:00,0.246,24.6,waxing_crescent
2026-08-17 11:00:00+00:00,0.2497,24.97,waxing_crescent
2026-08-17 12:00:00+00:00,0.2534,25.34,waxing_crescent
2026-08-17 13:00:00+00:00,0.2571,25.71,waxing_crescent
2026-08-17 14:00:00+00:00,0.2609,26.09,waxing_crescent
2026-08-17 15:00:00+00:00,0.2646,26.46,waxing_crescent
2026-08-17 16:00:00+00:00,0.2684,26.84,waxing_crescent
2026-08-17 17:00:00+00:00,0.2721,27.21,waxing_crescent
2026-08-17 18:00:00+00:00,0.2759,27.59,waxing_crescent
2026-08-17 19:00:00+00:00,0.2797,27.97,waxing_crescent
2026-08-17 20:00:00+00:00,0.2835,28.35,waxing_crescent
2026-08-17 21:00:00+00:00,0.2873,28.73,waxing_crescent
2026-08-17 22:00:00+00:00,0.2912,29.12,waxing_crescent
2026-08-17 23:00:00+00:00,0.295,29.5,waxing_crescent
2026-08-18 00:00:00+00:00,0.2989,29.89,waxing_crescent
2026-08-18 01:00:00+00:00,0.3027,30.27,waxing_crescent
2026-08-18 02:00:00+00:00,0.3066,30.66,waxing_crescent
2026-08-18 03:00:00+00:00,0.3105,31.05,waxing_crescent
2026-08-18 04:00:00+00:00,0.3144,31.44,waxing_crescent
2026-08-18 05:00:00+00:00,0.3182,31.82,waxing_crescent
2026-08-18 06:00:00+00:00,0.3221,32.21,waxing_crescent
2026-08-18 07:00:00+00:00,0.3261,32.61,waxing_crescent
2026-08-18 08:00:00+00:00,0.33,33.0,waxing_crescent
2026-08-18 09:00:00+00:00,0.3339,33.39,waxing_crescent
2026-08-18 10:00:00+00:00,0.3378,33.78,waxing_crescent
2026-08-18 11:00:00+00:00,0.3418,34.18,waxing_crescent
2026-08-18 12:00:00+00:00,0.3457,34.57,waxing_crescent
2026-08-18 13:00:00+00:00,0.3497,34.97,waxing_crescent
2026-08-18 14:00:00+00:00,0.3536,35.36,first_quarter
2026-08-18 15:00:00+00:00,0.3576,35.76,first_quarter
2026-08-18 16:00:00+00:00,0.3616,36.16,first_quarter
2026-08-18 17:00:00+00:00,0.3655,36.55,first_quarter
2026-08-18 18:00:00+00:00,0.3695,36.95,first_quarter
2026-08-18 19:00:00+00:00,0.3735,37.35,first_quarter
2026-08-18 20:00:00+00:00,0.3775,37.75,first_quarter
2026-08-18 21:00:00+00:00,0.3815,38.15,first_quarter
2026-08-18 22:00:00+00:00,0.3855,38.55,first_quarter
2026-08-18 23:00:00+00:00,0.3895,38.95,first_quarter
2026-08-19 00:00:00+00:00,0.3935,39.35,first_quarter
2026-08-19 01:00:00+00:00,0.3975,39.75,first_quarter
2026-08-19 02:00:00+00:00,0.4015,40.15,first_quarter
2026-08-19 03:00:00+00:00,0.4055,40.55,first_quarter
2026-08-19 04:00:00+00:00,0.4095,40.95,first_quarter
2026-08-19 05:00:00+00:00,0.4136,41.36,first_quarter
2026-08-19 06:00:00+00:00,0.4176,41.76,first_quarter
2026-08-19 07:00:00+00:00,0.4216,42.16,first_quarter
2026-08-19 08:00:00+00:00,0.4256,42.56,first_quarter
2026-08-19 09:00:00+00:00,0.4296,42.96,first_quarter
2026-08-19 10:00:00+00:00,0.4337,43.37,first_quarter
2026-08-19 11:00:00+00:00,0.4377,43.77,first_quarter
2026-08-19 12:00:00+00:00,0.4417,44.17,first_quarter
2026-08-19 13:00:00+00:00,0.4458,44.58,first_quarter
2026-08-19 14:00:00+00:00,0.4498,44.98,first_quarter
2026-08-19 15:00:00+00:00,0.4538,45.38,first_quarter
2026-08-19 16:00:00+00:00,0.4578,45.78,first_quarter
