t,tide_ft
2026-06-28 00:00:00+00:00,4.119
2026-06-28 01:00:00+00:00,3.38
2026-06-28 02:00:00+00:00,2.476
2026-06-28 03:00:00+00:00,1.593
2026-06-28 04:00:00+00:00,0.909
2026-06-28 05:00:00+00:00,0.592
2026-06-28 06:00:00+00:00,0.708
2026-06-28 07:00:00+00:00,1.167
2026-06-28 08:00:00+00:00,1.804
2026-06-28 09:00:00+00:00,2.463
2026-06-28 10:00:00+00:00,2.977
2026-06-28 11:00:00+00:00,3.167
2026-06-28 12:00:00+00:00,2.943
2026-06-28 13:00:00+00:00,2.391
2026-06-28 14:00:00+00:00,1.699
2026-06-28 15:00:00+00:00,1.031
2026-06-28 16:00:00+00:00,0.525
2026-06-28 17:00:00+00:00,0.336
2026-06-28 18:00:00+00:00,0.582
2026-06-28 19:00:00+00:00,1.24
2026-06-28 20:00:00+00:00,2.154
2026-06-28 21:00:00+00:00,3.132
2026-06-28 22:00:00+00:00,3.975
2026-06-28 23:00:00+00:00,4.462
2026-06-29 00:00:00+00:00,4.432
2026-06-29 01:00:00+00:00,3.904
2026-06-29 02:00:00+00:00,3.068
2026-06-29 03:00:00+00:00,2.139
2026-06-29 04:00:00+00:00,1.291
2026-06-29 05:00:00+00:00,0.695
2026-06-29 06:00:00+00:00,0.507
2026-06-29 07:00:00+00:00,0.763
2026-06-29 08:00:00+00:00,1.34
2026-06-29 09:00:00+00:00,2.042
2026-06-29 10:00:00+00:00,2.69
2026-06-29 11:00:00+00:00,3.112
2026-06-29 12:00:00+00:00,3.16
2026-06-29 13:00:00+00:00,2.805
2026-06-29 14:00:00+00:00,2.183
2026-06-29 15:00:00+00:00,1.486
2026-06-29 16:00:00+00:00,0.86
2026-06-29 17:00:00+00:00,0.438
2026-06-29 18:00:00+00:00,0.376
2026-06-29 19:00:00+00:00,0.776
2026-06-29 20:00:00+00:00,1.569
2026-06-29 21:00:00+00:00,2.553
2026-06-29 22:00:00+00:00,3.505
2026-06-29 23:00:00+00:00,4.221
2026-06-30 00:00:00+00:00,4.513
2026-06-30 01:00:00+00:00,4.284
2026-06-30 02:00:00+00:00,3.614
2026-06-30 03:00:00+00:00,2.71
2026-06-30 04:00:00+00:00,1.774
2026-06-30 05:00:00+00:00,0.974
2026-06-30 06:00:00+00:00,0.489
2026-06-30 07:00:00+00:00,0.468
2026-06-30 08:00:00+00:00,0.9
2026-06-30 09:00:00+00:00,1.6
2026-06-30 10:00:00+00:00,2.334
2026-06-30 11:00:00+00:00,2.916
2026-06-30 12:00:00+00:00,3.204
2026-06-30 13:00:00+00:00,3.103
2026-06-30 14:00:00+00:00,2.641
2026-06-30 15:00:00+00:00,1.975
2026-06-30 16:00:00+00:00,1.281
2026-06-30 17:00:00+00:00,0.698
2026-06-30 18:00:00+00:00,0.372
2026-06-30 19:00:00+00:00,0.467
2026-06-30 20:00:00+00:00,1.045
2026-06-30 21:00:00+00:00,1.964
2026-06-30 22:00:00+00:00,2.971
2026-06-30 23:00:00+00:00,3.831
2026-07-01 00:00:00+00:00,4.372
2026-07-01 01:00:00+00:00,4.46
2026-07-01 02:00:00+00:00,4.056
2026-07-01 03:00:00+00:00,3.274
2026-07-01 04:00:00+00:00,2.319
2026-07-01 05:00:00+00:00,1.388
2026-07-01 06:00:00+00:00,0.663
2026-07-01 07:00:00+00:00,0.337
2026-07-01 08:00:00+00:00,0.525
2026-07-01 09:00:00+00:00,1.138
2026-07-01 10:00:00+00:00,1.922
2026-07-01 11:00:00+00:00,2.628
2026-07-01 12:00:00+00:00,3.102
2026-07-01 13:00:00+00:00,3.249
2026-07-01 14:00:00+00:00,3.021
2026-07-01 15:00:00+00:00,2.475
2026-07-01 16:00:00+00:00,1.769
2026-07-01 17:00:00+00:00,1.076
2026-07-01 18:00:00+00:00,0.549
2026-07-01 19:00:00+00:00,0.354
2026-07-01 20:00:00+00:00,0.639
2026-07-01 21:00:00+00:00,1.388
2026-07-01 22:00:00+00:00,2.382
2026-07-01 23:00:00+00:00,3.339
2026-07-02 00:00:00+00:00,4.058
2026-07-02 01:00:00+00:00,4.416
2026-07-02 02:00:00+00:00,4.322
2026-07-02 03:00:00+00:00,3.77
2026-07-02 04:00:00+00:00,2.89
2026-07-02 05:00:00+00:00,1.896
2026-07-02 06:00:00+00:00,1.0
2026-07-02 07:00:00+00:00,0.404
2026-07-02 08:00:00+00:00,0.289
2026-07-02 09:00:00+00:00,0.697
2026-07-02 10:00:00+00:00,1.45
2026-07-02 11:00:00+00:00,2.255
2026-07-02 12:00:00+00:00,2.889
2026-07-02 13:00:00+00:00,3.249
2026-07-02 14:00:00+00:00,3.276
2026-07-02 15:00:00+00:00,2.939
2026-07-02 16:00:00+00:00,2.309
2026-07-02 17:00:00+00:00,1.558
2026-07-02 18:00:00+00:00,0.879
2026-07-02 19:00:00+00:00,0.445
2026-07-02 20:00:00+00:00,0.42
2026-07-02 21:00:00+00:00,0.892
2026-07-02 22:00:00+00:00,1.758
2026-07-02 23:00:00+00:00,2.749
2026-07-03 00:00:00+00:00,3.604
2026-07-03 01:00:00+00:00,4.175
2026-07-03 02:00:00+00:00,4.372
2026-07-03 03:00:00+00:00,4.121
2026-07-03 04:00:00+00:00,3.43
2026-07-03 05:00:00+00:00,2.46
2026-07-03 06:00:00+00:00,1.457
2026-07-03 07:00:00+00:00,0.655
2026-07-03 08:00:00+00:00,0.249
2026-07-03 09:00:00+00:00,0.362
2026-07-03 10:00:00+00:00,0.951
2026-07-03 11:00:00+00:00,1.777
2026-07-03 12:00:00+00:00,2.557
2026-07-03 13:00:00+00:00,3.117
2026-07-03 14:00:00+00:00,3.388
2026-07-03 15:00:00+00:00,3.311
2026-07-03 16:00:00+00:00,2.861
2026-07-03 17:00:00+00:00,2.137
2026-07-03 18:00:00+00:00,1.352
2026-07-03 19:00:00+00:00,0.726
2026-07-03 20:00:00+00:00,0.427
2026-07-03 21:00:00+00:00,0.574
2026-07-03 22:00:00+00:00,1.178
2026-07-03 23:00:00+00:00,2.079
2026-07-04 00:00:00+00:00,3.011
2026-07-04 01:00:00+00:00,3.757
2026-07-04 02:00:00+00:00,4.204
2026-07-04 03:00:00+00:00,4.264
2026-07-04 04:00:00+00:00,3.859
2026-07-04 05:00:00+00:00,3.032
2026-07-04 06:00:00+00:00,2.002
2026-07-04 07:00:00+00:00,1.051
2026-07-04 08:00:00+00:00,0.406
2026-07-04 09:00:00+00:00,0.213
2026-07-04 10:00:00+00:00,0.521
2026-07-04 11:00:00+00:00,1.224
2026-07-04 12:00:00+00:00,2.075
2026-07-04 13:00:00+00:00,2.827
2026-07-04 14:00:00+00:00,3.343
2026-07-04 15:00:00+00:00,3.544
2026-07-04 16:00:00+00:00,3.356
2026-07-04 17:00:00+00:00,2.777
2026-07-04 18:00:00+00:00,1.97
2026-07-04 19:00:00+00:00,1.193
2026-07-04 20:00:00+00:00,0.663
2026-07-04 21:00:00+00:00,0.503
2026-07-04 22:00:00+00:00,0.768
2026-07-04 23:00:00+00:00,1.422
2026-07-05 00:00:00+00:00,2.297
2026-07-05 01:00:00+00:00,3.158
2026-07-05 02:00:00+00:00,3.823
2026-07-05 03:00:00+00:00,4.172
2026-07-05 04:00:00+00:00,4.095
2026-07-05 05:00:00+00:00,3.531
2026-07-05 06:00:00+00:00,2.595
2026-07-05 07:00:00+00:00,1.568
2026-07-05 08:00:00+00:00,0.736
2026-07-05 09:00:00+00:00,0.275
2026-07-05 10:00:00+00:00,0.261
2026-07-05 11:00:00+00:00,0.696
2026-07-05 12:00:00+00:00,1.463
2026-07-05 13:00:00+00:00,2.335
2026-07-05 14:00:00+00:00,3.092
2026-07-05 15:00:00+00:00,3.587
2026-07-05 16:00:00+00:00,3.713
2026-07-05 17:00:00+00:00,3.397
2026-07-05 18:00:00+00:00,2.699
2026-07-05 19:00:00+00:00,1.85
2026-07-05 20:00:00+00:00,1.13
2026-07-05 21:00:00+00:00,0.703
2026-07-05 22:00:00+00:00,0.629
2026-07-05 23:00:00+00:00,0.929
2026-07-06 00:00:00+00:00,1.568
2026-07-06 01:00:00+00:00,2.402
2026-07-06 02:00:00+00:00,3.22
2026-07-06 03:00:00+00:00,3.83
2026-07-06 04:00:00+00:00,4.083
2026-07-06 05:00:00+00:00,3.861
2026-07-06 06:00:00+00:00,3.159
2026-07-06 07:00:00+00:00,2.174
2026-07-06 08:00:00+00:00,1.22
2026-07-06 09:00:00+00:00,0.537
2026-07-06 10:00:00+00:00,0.226
2026-07-06 11:00:00+00:00,0.324
2026-07-06 12:00:00+00:00,0.832
2026-07-06 13:00:00+00:00,1.654
2026-07-06 14:00:00+00:00,2.578
2026-07-06 15:00:00+00:00,3.368
2026-07-06 16:00:00+00:00,3.843
2026-07-06 17:00:00+00:00,3.877
2026-07-06 18:00:00+00:00,3.438
2026-07-06 19:00:00+00:00,2.663
2026-07-06 20:00:00+00:00,1.829
2026-07-06 21:00:00+00:00,1.178
2026-07-06 22:00:00+00:00,0.805
2026-07-06 23:00:00+00:00,0.732
2026-07-07 00:00:00+00:00,0.998
2026-07-07 01:00:00+00:00,1.604
2026-07-07 02:00:00+00:00,2.423
2026-07-07 03:00:00+00:00,3.226
2026-07-07 04:00:00+00:00,3.787
2026-07-07 05:00:00+00:00,3.935
2026-07-07 06:00:00+00:00,3.582
2026-07-07 07:00:00+00:00,2.799
2026-07-07 08:00:00+00:00,1.839
2026-07-07 09:00:00+00:00,0.993
2026-07-07 10:00:00+00:00,0.428
2026-07-07 11:00:00+00:00,0.196
2026-07-07 12:00:00+00:00,0.344
2026-07-07 13:00:00+00:00,0.913
2026-07-07 14:00:00+00:00,1.818
2026-07-07 15:00:00+00:00,2.821
2026-07-07 16:00:00+00:00,3.645
2026-07-07 17:00:00+00:00,4.084
2026-07-07 18:00:00+00:00,4.029
2026-07-07 19:00:00+00:00,3.51
2026-07-07 20:00:00+00:00,2.718
2026-07-07 21:00:00+00:00,1.922
2026-07-07 22:00:00+00:00,1.299
2026-07-07 23:00:00+00:00,0.896
2026-07-08 00:00:00+00:00,0.753
2026-07-08 01:00:00+00:00,0.965
2026-07-08 02:00:00+00:00,1.562
2026-07-08 03:00:00+00:00,2.394
2026-07-08 04:00:00+00:00,3.188
2026-07-08 05:00:00+00:00,3.692
2026-07-08 06:00:00+00:00,3.747
2026-07-08 07:00:00+00:00,3.316
2026-07-08 08:00:00+00:00,2.525
2026-07-08 09:00:00+00:00,1.63
2026-07-08 10:00:00+00:00,0.867
2026-07-08 11:00:00+00:00,0.348
2026-07-08 12:00:00+00:00,0.128
2026-07-08 13:00:00+00:00,0.308
2026-07-08 14:00:00+00:00,0.959
2026-07-08 15:00:00+00:00,1.97
2026-07-08 16:00:00+00:00,3.051
2026-07-08 17:00:00+00:00,3.893
2026-07-08 18:00:00+00:00,4.296
2026-07-08 19:00:00+00:00,4.193
2026-07-08 20:00:00+00:00,3.653
2026-07-08 21:00:00+00:00,2.876
2026-07-08 22:00:00+00:00,2.089
2026-07-08 23:00:00+00:00,1.417
2026-07-09 00:00:00+00:00,0.913
2026-07-09 01:00:00+00:00,0.678
2026-07-09 02:00:00+00:00,0.859
2026-07-09 03:00:00+00:00,1.477
2026-07-09 04:00:00+00:00,2.329
2026-07-09 05:00:00+00:00,3.107
2026-07-09 06:00:00+00:00,3.564
2026-07-09 07:00:00+00:00,3.574
2026-07-09 08:00:00+00:00,3.135
2026-07-09 09:00:00+00:00,2.38
2026-07-09 10:00:00+00:00,1.534
2026-07-09 11:00:00+00:00,0.787
2026-07-09 12:00:00+00:00,0.245
2026-07-09 13:00:00+00:00,0.012
2026-07-09 14:00:00+00:00,0.239
2026-07-09 15:00:00+00:00,0.991
2026-07-09 16:00:00+00:00,2.104
2026-07-09 17:00:00+00:00,3.241
2026-07-09 18:00:00+00:00,4.097
2026-07-09 19:00:00+00:00,4.499
2026-07-09 20:00:00+00:00,4.402
2026-07-09 21:00:00+00:00,3.876
2026-07-09 22:00:00+00:00,3.097
2026-07-09 23:00:00+00:00,2.254
2026-07-10 00:00:00+00:00,1.467
2026-07-10 01:00:00+00:00,0.839
2026-07-10 02:00:00+00:00,0.535
2026-07-10 03:00:00+00:00,0.717
2026-07-10 04:00:00+00:00,1.364
2026-07-10 05:00:00+00:00,2.229
2026-07-10 06:00:00+00:00,2.999
2026-07-10 07:00:00+00:00,3.454
2026-07-10 08:00:00+00:00,3.485
2026-07-10 09:00:00+00:00,3.081
2026-07-10 10:00:00+00:00,2.353
2026-07-10 11:00:00+00:00,1.499
2026-07-10 12:00:00+00:00,0.705
2026-07-10 13:00:00+00:00,0.11
2026-07-10 14:00:00+00:00,-0.127
2026-07-10 15:00:00+00:00,0.164
2026-07-10 16:00:00+00:00,1.011
2026-07-10 17:00:00+00:00,2.198
2026-07-10 18:00:00+00:00,3.38
2026-07-10 19:00:00+00:00,4.274
2026-07-10 20:00:00+00:00,4.722
2026-07-10 21:00:00+00:00,4.662
2026-07-10 22:00:00+00:00,4.138
2026-07-10 23:00:00+00:00,3.302
2026-07-11 00:00:00+00:00,2.346
2026-07-11 01:00:00+00:00,1.426
2026-07-11 02:00:00+00:00,0.696
2026-07-11 03:00:00+00:00,0.357
2026-07-11 04:00:00+00:00,0.556
2026-07-11 05:00:00+00:00,1.23
2026-07-11 06:00:00+00:00,2.114
2026-07-11 07:00:00+00:00,2.916
2026-07-11 08:00:00+00:00,3.428
2026-07-11 09:00:00+00:00,3.518
2026-07-11 10:00:00+00:00,3.141
2026-07-11 11:00:00+00:00,2.391
2026-07-11 12:00:00+00:00,1.475
2026-07-11 13:00:00+00:00,0.608
2026-07-11 14:00:00+00:00,-0.032
2026-07-11 15:00:00+00:00,-0.258
2026-07-11 16:00:00+00:00,0.091
2026-07-11 17:00:00+00:00,1.006
2026-07-11 18:00:00+00:00,2.25
2026-07-11 19:00:00+00:00,3.49
2026-07-11 20:00:00+00:00,4.457
2026-07-11 21:00:00+00:00,4.972
2026-07-11 22:00:00+00:00,4.932
2026-07-11 23:00:00+00:00,4.359
2026-07-12 00:00:00+00:00,3.42
2026-07-12 01:00:00+00:00,2.339
2026-07-12 02:00:00+00:00,1.309
2026-07-12 03:00:00+00:00,0.514
2026-07-12 04:00:00+00:00,0.163
2026-07-12 05:00:00+00:00,0.383
2026-07-12 06:00:00+00:00,1.091
2026-07-12 07:00:00+00:00,2.03
2026-07-12 08:00:00+00:00,2.916
2026-07-12 09:00:00+00:00,3.517
2026-07-12 10:00:00+00:00,3.655
2026-07-12 11:00:00+00:00,3.26
2026-07-12 12:00:00+00:00,2.443
2026-07-12 13:00:00+00:00,1.448
2026-07-12 14:00:00+00:00,0.517
2026-07-12 15:00:00+00:00,-0.154
2026-07-12 16:00:00+00:00,-0.371
2026-07-12 17:00:00+00:00,0.017
2026-07-12 18:00:00+00:00,0.982
2026-07-12 19:00:00+00:00,2.288
2026-07-12 20:00:00+00:00,3.608
2026-07-12 21:00:00+00:00,4.657
2026-07-12 22:00:00+00:00,5.211
2026-07-12 23:00:00+00:00,5.137
2026-07-13 00:00:00+00:00,4.472
2026-07-13 01:00:00+00:00,3.423
2026-07-13 02:00:00+00:00,2.245
2026-07-13 03:00:00+00:00,1.142
2026-07-13 04:00:00+00:00,0.308
2026-07-13 05:00:00+00:00,-0.041
2026-07-13 06:00:00+00:00,0.218
2026-07-13 07:00:00+00:00,0.997
2026-07-13 08:00:00+00:00,2.036
2026-07-13 09:00:00+00:00,3.029
2026-07-13 10:00:00+00:00,3.701
2026-07-13 11:00:00+00:00,3.839
2026-07-13 12:00:00+00:00,3.384
2026-07-13 13:00:00+00:00,2.488
2026-07-13 14:00:00+00:00,1.428
2026-07-13 15:00:00+00:00,0.452
2026-07-13 16:00:00+00:00,-0.247
2026-07-13 17:00:00+00:00,-0.465
2026-07-13 18:00:00+00:00,-0.048
2026-07-13 19:00:00+00:00,0.976
2026-07-13 20:00:00+00:00,2.357
2026-07-13 21:00:00+00:00,3.752
2026-07-13 22:00:00+00:00,4.842
2026-07-13 23:00:00+00:00,5.372
2026-07-14 00:00:00+00:00,5.216
2026-07-14 01:00:00+00:00,4.452
2026-07-14 02:00:00+00:00,3.321
2026-07-14 03:00:00+00:00,2.083
2026-07-14 04:00:00+00:00,0.936
2026-07-14 05:00:00+00:00,0.085
2026-07-14 06:00:00+00:00,-0.233
2026-07-14 07:00:00+00:00,0.109
2026-07-14 08:00:00+00:00,1.003
2026-07-14 09:00:00+00:00,2.156
2026-07-14 10:00:00+00:00,3.23
2026-07-14 11:00:00+00:00,3.919
2026-07-14 12:00:00+00:00,4.013
2026-07-14 13:00:00+00:00,3.486
2026-07-14 14:00:00+00:00,2.531
2026-07-14 15:00:00+00:00,1.429
2026-07-14 16:00:00+00:00,0.413
2026-07-14 17:00:00+00:00,-0.315
2026-07-14 18:00:00+00:00,-0.53
2026-07-14 19:00:00+00:00,-0.063
2026-07-14 20:00:00+00:00,1.033
2026-07-14 21:00:00+00:00,2.477
2026-07-14 22:00:00+00:00,3.895
2026-07-14 23:00:00+00:00,4.953
2026-07-15 00:00:00+00:00,5.404
2026-07-15 01:00:00+00:00,5.153
2026-07-15 02:00:00+00:00,4.313
2026-07-15 03:00:00+00:00,3.136
2026-07-15 04:00:00+00:00,1.864
2026-07-15 05:00:00+00:00,0.695
2026-07-15 06:00:00+00:00,-0.132
2026-07-15 07:00:00+00:00,-0.362
2026-07-15 08:00:00+00:00,0.11
2026-07-15 09:00:00+00:00,1.13
2026-07-15 10:00:00+00:00,2.364
2026-07-15 11:00:00+00:00,3.458
2026-07-15 12:00:00+00:00,4.115
2026-07-15 13:00:00+00:00,4.149
2026-07-15 14:00:00+00:00,3.569
2026-07-15 15:00:00+00:00,2.577
2026-07-15 16:00:00+00:00,1.441
2026-07-15 17:00:00+00:00,0.39
2026-07-15 18:00:00+00:00,-0.35
2026-07-15 19:00:00+00:00,-0.524
2026-07-15 20:00:00+00:00,0.018
2026-07-15 21:00:00+00:00,1.175
2026-07-15 22:00:00+00:00,2.622
2026-07-15 23:00:00+00:00,3.984
2026-07-16 00:00:00+00:00,4.948
2026-07-16 01:00:00+00:00,5.298
2026-07-16 02:00:00+00:00,4.967
2026-07-16 03:00:00+00:00,4.081
2026-07-16 04:00:00+00:00,2.877
2026-07-16 05:00:00+00:00,1.592
2026-07-16 06:00:00+00:00,0.446
2026-07-16 07:00:00+00:00,-0.292
2026-07-16 08:00:00+00:00,-0.376
2026-07-16 09:00:00+00:00,0.243
2026-07-16 10:00:00+00:00,1.35
2026-07-16 11:00:00+00:00,2.598
2026-07-16 12:00:00+00:00,3.659
2026-07-16 13:00:00+00:00,4.264
2026-07-16 14:00:00+00:00,4.25
2026-07-16 15:00:00+00:00,3.633
2026-07-16 16:00:00+00:00,2.611
2026-07-16 17:00:00+00:00,1.446
2026-07-16 18:00:00+00:00,0.385
2026-07-16 19:00:00+00:00,-0.316
2026-07-16 20:00:00+00:00,-0.406
2026-07-16 21:00:00+00:00,0.211
2026-07-16 22:00:00+00:00,1.373
2026-07-16 23:00:00+00:00,2.742
2026-07-17 00:00:00+00:00,3.981
2026-07-17 01:00:00+00:00,4.826
2026-07-17 02:00:00+00:00,5.084
2026-07-17 03:00:00+00:00,4.69
2026-07-17 04:00:00+00:00,3.766
2026-07-17 05:00:00+00:00,2.551
2026-07-17 06:00:00+00:00,1.294
2026-07-17 07:00:00+00:00,0.242
2026-07-17 08:00:00+00:00,-0.339
2026-07-17 09:00:00+00:00,-0.253
2026-07-17 10:00:00+00:00,0.474
2026-07-17 11:00:00+00:00,1.598
2026-07-17 12:00:00+00:00,2.804
2026-07-17 13:00:00+00:00,3.811
2026-07-17 14:00:00+00:00,4.371
2026-07-17 15:00:00+00:00,4.317
2026-07-17 16:00:00+00:00,3.661
2026-07-17 17:00:00+00:00,2.61
2026-07-17 18:00:00+00:00,1.444
2026-07-17 19:00:00+00:00,0.431
2026-07-17 20:00:00+00:00,-0.173
2026-07-17 21:00:00+00:00,-0.166
2026-07-17 22:00:00+00:00,0.48
2026-07-17 23:00:00+00:00,1.567
2026-07-18 00:00:00+00:00,2.794
2026-07-18 01:00:00+00:00,3.89
2026-07-18 02:00:00+00:00,4.623
2026-07-18 03:00:00+00:00,4.796
2026-07-18 04:00:00+00:00,4.337
2026-07-18 05:00:00+00:00,3.381
2026-07-18 06:00:00+00:00,2.189
2026-07-18 07:00:00+00:00,1.029
2026-07-18 08:00:00+00:00,0.141
2026-07-18 09:00:00+00:00,-0.252
2026-07-18 10:00:00+00:00,-0.029
2026-07-18 11:00:00+00:00,0.738
2026-07-18 12:00:00+00:00,1.821
2026-07-18 13:00:00+00:00,2.967
2026-07-18 14:00:00+00:00,3.926
2026-07-18 15:00:00+00:00,4.443
2026-07-18 16:00:00+00:00,4.335
2026-07-18 17:00:00+00:00,3.631
2026-07-18 18:00:00+00:00,2.573
2026-07-18 19:00:00+00:00,1.465
2026-07-18 20:00:00+00:00,0.565
2026-07-18 21:00:00+00:00,0.082
2026-07-18 22:00:00+00:00,0.152
2026-07-18 23:00:00+00:00,0.755
2026-07-19 00:00:00+00:00,1.709
2026-07-19 01:00:00+00:00,2.78
2026-07-19 02:00:00+00:00,3.746
2026-07-19 03:00:00+00:00,4.374
2026-07-19 04:00:00+00:00,4.451
2026-07-19 05:00:00+00:00,3.92
2026-07-19 06:00:00+00:00,2.956
2026-07-19 07:00:00+00:00,1.851
2026-07-19 08:00:00+00:00,0.858
2026-07-19 09:00:00+00:00,0.167
2026-07-19 10:00:00+00:00,-0.067
2026-07-19 11:00:00+00:00,0.228
2026-07-19 12:00:00+00:00,0.978
2026-07-19 13:00:00+00:00,2.006
2026-07-19 14:00:00+00:00,3.102
2026-07-19 15:00:00+00:00,4.016
2026-07-19 16:00:00+00:00,4.468
2026-07-19 17:00:00+00:00,4.284
2026-07-19 18:00:00+00:00,3.544
2026-07-19 19:00:00+00:00,2.534
2026-07-19 20:00:00+00:00,1.548
2026-07-19 21:00:00+00:00,0.789
2026-07-19 22:00:00+00:00,0.398
2026-07-19 23:00:00+00:00,0.467
2026-07-20 00:00:00+00:00,0.977
2026-07-20 01:00:00+00:00,1.793
2026-07-20 02:00:00+00:00,2.732
2026-07-20 03:00:00+00:00,3.583
2026-07-20 04:00:00+00:00,4.096
2026-07-20 05:00:00+00:00,4.06
2026-07-20 06:00:00+00:00,3.471
2026-07-20 07:00:00+00:00,2.557
2026-07-20 08:00:00+00:00,1.606
2026-07-20 09:00:00+00:00,0.809
2026-07-20 10:00:00+00:00,0.286
2026-07-20 11:00:00+00:00,0.146
2026-07-20 12:00:00+00:00,0.458
2026-07-20 13:00:00+00:00,1.18
2026-07-20 14:00:00+00:00,2.171
2026-07-20 15:00:00+00:00,3.228
2026-07-20 16:00:00+00:00,4.076
2026-07-20 17:00:00+00:00,4.431
2026-07-20 18:00:00+00:00,4.17
2026-07-20 19:00:00+00:00,3.441
2026-07-20 20:00:00+00:00,2.539
2026-07-20 21:00:00+00:00,1.701
2026-07-20 22:00:00+00:00,1.053
2026-07-20 23:00:00+00:00,0.694
2026-07-21 00:00:00+00:00,0.717
2026-07-21 01:00:00+00:00,1.134
2026-07-21 02:00:00+00:00,1.846
2026-07-21 03:00:00+00:00,2.68
2026-07-21 04:00:00+00:00,3.414
2026-07-21 05:00:00+00:00,3.793
2026-07-21 06:00:00+00:00,3.651
2026-07-21 07:00:00+00:00,3.054
2026-07-21 08:00:00+00:00,2.254
2026-07-21 09:00:00+00:00,1.482
2026-07-21 10:00:00+00:00,0.849
2026-07-21 11:00:00+00:00,0.426
2026-07-21 12:00:00+00:00,0.327
2026-07-21 13:00:00+00:00,0.647
2026-07-21 14:00:00+00:00,1.366
2026-07-21 15:00:00+00:00,2.339
2026-07-21 16:00:00+00:00,3.341
2026-07-21 17:00:00+00:00,4.09
2026-07-21 18:00:00+00:00,4.339
2026-07-21 19:00:00+00:00,4.038
2026-07-21 20:00:00+00:00,3.374
2026-07-21 21:00:00+00:00,2.603
2026-07-21 22:00:00+00:00,1.879
2026-07-21 23:00:00+00:00,1.276
2026-07-22 00:00:00+00:00,0.9
2026-07-22 01:00:00+00:00,0.88
2026-07-22 02:00:00+00:00,1.247
2026-07-22 03:00:00+00:00,1.893
2026-07-22 04:00:00+00:00,2.633
2026-07-22 05:00:00+00:00,3.237
2026-07-22 06:00:00+00:00,3.485
2026-07-22 07:00:00+00:00,3.282
2026-07-22 08:00:00+00:00,2.738
2026-07-22 09:00:00+00:00,2.078
2026-07-22 10:00:00+00:00,1.451
2026-07-22 11:00:00+00:00,0.908
2026-07-22 12:00:00+00:00,0.525
2026-07-22 13:00:00+00:00,0.458
2026-07-22 14:00:00+00:00,0.817
2026-07-22 15:00:00+00:00,1.559
2026-07-22 16:00:00+00:00,2.509
2026-07-22 17:00:00+00:00,3.43
2026-07-22 18:00:00+00:00,4.068
2026-07-22 19:00:00+00:00,4.238
2026-07-22 20:00:00+00:00,3.945
2026-07-22 21:00:00+00:00,3.366
2026-07-22 22:00:00+00:00,2.689
2026-07-22 23:00:00+00:00,2.004
2026-07-23 00:00:00+00:00,1.39
2026-07-23 01:00:00+00:00,0.998
2026-07-23 02:00:00+00:00,0.978
2026-07-23 03:00:00+00:00,1.34
2026-07-23 04:00:00+00:00,1.941
2026-07-23 05:00:00+00:00,2.582
2026-07-23 06:00:00+00:00,3.064
2026-07-23 07:00:00+00:00,3.224
2026-07-23 08:00:00+00:00,3.017
2026-07-23 09:00:00+00:00,2.555
2026-07-23 10:00:00+00:00,2.001
2026-07-23 11:00:00+00:00,1.442
2026-07-23 12:00:00+00:00,0.921
2026-07-23 13:00:00+00:00,0.566
2026-07-23 14:00:00+00:00,0.561
2026-07-23 15:00:00+00:00,0.991
2026-07-23 16:00:00+00:00,1.761
2026-07-23 17:00:00+00:00,2.67
2026-07-23 18:00:00+00:00,3.502
2026-07-23 19:00:00+00:00,4.052
2026-07-23 20:00:00+00:00,4.186
2026-07-23 21:00:00+00:00,3.917
2026-07-23 22:00:00+00:00,3.386
2026-07-23 23:00:00+00:00,2.724
2026-07-24 00:00:00+00:00,2.014
2026-07-24 01:00:00+00:00,1.378
2026-07-24 02:00:00+00:00,1.009
2026-07-24 03:00:00+00:00,1.04
2026-07-24 04:00:00+00:00,1.421
2026-07-24 05:00:00+00:00,1.98
2026-07-24 06:00:00+00:00,2.536
2026-07-24 07:00:00+00:00,2.939
2026-07-24 08:00:00+00:00,3.067
2026-07-24 09:00:00+00:00,2.885
2026-07-24 10:00:00+00:00,2.476
2026-07-24 11:00:00+00:00,1.953
2026-07-24 12:00:00+00:00,1.389
2026-07-24 13:00:00+00:00,0.871
2026-07-24 14:00:00+00:00,0.57
2026-07-24 15:00:00+00:00,0.664
2026-07-24 16:00:00+00:00,1.176
2026-07-24 17:00:00+00:00,1.961
2026-07-24 18:00:00+00:00,2.826
2026-07-24 19:00:00+00:00,3.593
2026-07-24 20:00:00+00:00,4.095
2026-07-24 21:00:00+00:00,4.207
2026-07-24 22:00:00+00:00,3.928
2026-07-24 23:00:00+00:00,3.367
2026-07-25 00:00:00+00:00,2.649
2026-07-25 01:00:00+00:00,1.892
2026-07-25 02:00:00+00:00,1.267
2026-07-25 03:00:00+00:00,0.969
2026-07-25 04:00:00+00:00,1.077
2026-07-25 05:00:00+00:00,1.487
2026-07-25 06:00:00+00:00,2.02
2026-07-25 07:00:00+00:00,2.535
2026-07-25 08:00:00+00:00,2.913
2026-07-25 09:00:00+00:00,3.037
2026-07-25 10:00:00+00:00,2.855
2026-07-25 11:00:00+00:00,2.429
2026-07-25 12:00:00+00:00,1.868
2026-07-25 13:00:00+00:00,1.273
2026-07-25 14:00:00+00:00,0.777
2026-07-25 15:00:00+00:00,0.566
2026-07-25 16:00:00+00:00,0.774
2026-07-25 17:00:00+00:00,1.362
2026-07-25 18:00:00+00:00,2.164
2026-07-25 19:00:00+00:00,3.011
2026-07-25 20:00:00+00:00,3.751
2026-07-25 21:00:00+00:00,4.217
2026-07-25 22:00:00+00:00,4.272
2026-07-25 23:00:00+00:00,3.909
2026-07-26 00:00:00+00:00,3.25
2026-07-26 01:00:00+00:00,2.45
2026-07-26 02:00:00+00:00,1.669
2026-07-26 03:00:00+00:00,1.096
2026-07-26 04:00:00+00:00,0.899
2026-07-26 05:00:00+00:00,1.096
2026-07-26 06:00:00+00:00,1.551
2026-07-26 07:00:00+00:00,2.1
2026-07-26 08:00:00+00:00,2.626
2026-07-26 09:00:00+00:00,3.006
2026-07-26 10:00:00+00:00,3.101
2026-07-26 11:00:00+00:00,2.856
2026-07-26 12:00:00+00:00,2.349
2026-07-26 13:00:00+00:00,1.722
2026-07-26 14:00:00+00:00,1.11
2026-07-26 15:00:00+00:00,0.667
2026-07-26 16:00:00+00:00,0.565
2026-07-26 17:00:00+00:00,0.887
2026-07-26 18:00:00+00:00,1.555
2026-07-26 19:00:00+00:00,2.4
2026-07-26 20:00:00+00:00,3.264
2026-07-26 21:00:00+00:00,3.988
2026-07-26 22:00:00+00:00,4.383
2026-07-26 23:00:00+00:00,4.311
2026-07-27 00:00:00+00:00,3.801
2026-07-27 01:00:00+00:00,3.019
2026-07-27 02:00:00+00:00,2.154
2026-07-27 03:00:00+00:00,1.385
2026-07-27 04:00:00+00:00,0.894
2026-07-27 05:00:00+00:00,0.812
2026-07-27 06:00:00+00:00,1.117
2026-07-27 07:00:00+00:00,1.656
2026-07-27 08:00:00+00:00,2.27
2026-07-27 09:00:00+00:00,2.829
2026-07-27 10:00:00+00:00,3.183
2026-07-27 11:00:00+00:00,3.189
2026-07-27 12:00:00+00:00,2.822
2026-07-27 13:00:00+00:00,2.21
2026-07-27 14:00:00+00:00,1.529
2026-07-27 15:00:00+00:00,0.927
2026-07-27 16:00:00+00:00,0.556
2026-07-27 17:00:00+00:00,0.568
2026-07-27 18:00:00+00:00,1.014
2026-07-27 19:00:00+00:00,1.787
2026-07-27 20:00:00+00:00,2.706
2026-07-27 21:00:00+00:00,3.593
2026-07-27 22:00:00+00:00,4.264
2026-07-27 23:00:00+00:00,4.518
2026-07-28 00:00:00+00:00,4.26
2026-07-28 01:00:00+00:00,3.583
2026-07-28 02:00:00+00:00,2.695
2026-07-28 03:00:00+00:00,1.799
2026-07-28 04:00:00+00:00,1.069
2026-07-28 05:00:00+00:00,0.679
2026-07-28 06:00:00+00:00,0.738
2026-07-28 07:00:00+00:00,1.189
2026-07-28 08:00:00+00:00,1.854
2026-07-28 09:00:00+00:00,2.548
2026-07-28 10:00:00+00:00,3.11
2026-07-28 11:00:00+00:00,3.376
2026-07-28 12:00:00+00:00,3.235
2026-07-28 13:00:00+00:00,2.727
2026-07-28 14:00:00+00:00,2.026
2026-07-28 15:00:00+00:00,1.315
2026-07-28 16:00:00+00:00,0.739
2026-07-28 17:00:00+00:00,0.449
2026-07-28 18:00:00+00:00,0.59
2026-07-28 19:00:00+00:00,1.187
2026-07-28 20:00:00+00:00,2.093
2026-07-28 21:00:00+00:00,3.085
2026-07-28 22:00:00+00:00,3.954
2026-07-28 23:00:00+00:00,4.499
2026-07-29 00:00:00+00:00,4.555
2026-07-29 01:00:00+00:00,4.094
2026-07-29 02:00:00+00:00,3.27
2026-07-29 03:00:00+00:00,2.311
2026-07-29 04:00:00+00:00,1.409
2026-07-29 05:00:00+00:00,0.741
2026-07-29 06:00:00+00:00,0.486
2026-07-29 07:00:00+00:00,0.729
2026-07-29 08:00:00+00:00,1.367
2026-07-29 09:00:00+00:00,2.166
2026-07-29 10:00:00+00:00,2.903
2026-07-29 11:00:00+00:00,3.402
2026-07-29 12:00:00+00:00,3.524
2026-07-29 13:00:00+00:00,3.219
2026-07-29 14:00:00+00:00,2.585
2026-07-29 15:00:00+00:00,1.818
2026-07-29 16:00:00+00:00,1.093
2026-07-29 17:00:00+00:00,0.552
2026-07-29 18:00:00+00:00,0.364
2026-07-29 19:00:00+00:00,0.67
2026-07-29 20:00:00+00:00,1.445
2026-07-29 21:00:00+00:00,2.475
2026-07-29 22:00:00+00:00,3.49
2026-07-29 23:00:00+00:00,4.266
2026-07-30 00:00:00+00:00,4.627
2026-07-30 01:00:00+00:00,4.467
2026-07-30 02:00:00+00:00,3.826
2026-07-30 03:00:00+00:00,2.891
2026-07-30 04:00:00+00:00,1.886
2026-07-30 05:00:00+00:00,1.004
2026-07-30 06:00:00+00:00,0.439
2026-07-30 07:00:00+00:00,0.372
2026-07-30 08:00:00+00:00,0.843
2026-07-30 09:00:00+00:00,1.67
2026-07-30 10:00:00+00:00,2.558
2026-07-30 11:00:00+00:00,3.267
2026-07-30 12:00:00+00:00,3.646
2026-07-30 13:00:00+00:00,3.607
2026-07-30 14:00:00+00:00,3.153
2026-07-30 15:00:00+00:00,2.419
2026-07-30 16:00:00+00:00,1.6
2026-07-30 17:00:00+00:00,0.868
2026-07-30 18:00:00+00:00,0.387
2026-07-30 19:00:00+00:00,0.344
2026-07-30 20:00:00+00:00,0.846
2026-07-30 21:00:00+00:00,1.789
2026-07-30 22:00:00+00:00,2.884
2026-07-30 23:00:00+00:00,3.841
2026-07-31 00:00:00+00:00,4.462
2026-07-31 01:00:00+00:00,4.621
2026-07-31 02:00:00+00:00,4.268
2026-07-31 03:00:00+00:00,3.48
2026-07-31 04:00:00+00:00,2.46
2026-07-31 05:00:00+00:00,1.436
2026-07-31 06:00:00+00:00,0.619
2026-07-31 07:00:00+00:00,0.219
2026-07-31 08:00:00+00:00,0.393
2026-07-31 09:00:00+00:00,1.096
2026-07-31 10:00:00+00:00,2.061
2026-07-31 11:00:00+00:00,2.962
2026-07-31 12:00:00+00:00,3.585
2026-07-31 13:00:00+00:00,3.827
2026-07-31 14:00:00+00:00,3.64
2026-07-31 15:00:00+00:00,3.061
2026-07-31 16:00:00+00:00,2.238
2026-07-31 17:00:00+00:00,1.376
2026-07-31 18:00:00+00:00,0.665
2026-07-31 19:00:00+00:00,0.293
2026-07-31 20:00:00+00:00,0.433
2026-07-31 21:00:00+00:00,1.123
2026-07-31 22:00:00+00:00,2.167
2026-07-31 23:00:00+00:00,3.24
2026-08-01 00:00:00+00:00,4.073
2026-08-01 01:00:00+00:00,4.521
2026-08-01 02:00:00+00:00,4.498
2026-08-01 03:00:00+00:00,3.98
2026-08-01 04:00:00+00:00,3.069
2026-08-01 05:00:00+00:00,1.991
2026-08-01 06:00:00+00:00,0.996
2026-08-01 07:00:00+00:00,0.312
2026-08-01 08:00:00+00:00,0.138
2026-08-01 09:00:00+00:00,0.562
2026-08-01 10:00:00+00:00,1.445
2026-08-01 11:00:00+00:00,2.466
2026-08-01 12:00:00+00:00,3.319
2026-08-01 13:00:00+00:00,3.84
2026-08-01 14:00:00+00:00,3.961
2026-08-01 15:00:00+00:00,3.647
2026-08-01 16:00:00+00:00,2.95
2026-08-01 17:00:00+00:00,2.047
2026-08-01 18:00:00+00:00,1.171
2026-08-01 19:00:00+00:00,0.533
2026-08-01 20:00:00+00:00,0.314
2026-08-01 21:00:00+00:00,0.634
2026-08-01 22:00:00+00:00,1.446
2026-08-01 23:00:00+00:00,2.499
2026-08-02 00:00:00+00:00,3.478
2026-08-02 01:00:00+00:00,4.169
2026-08-02 02:00:00+00:00,4.464
2026-08-02 03:00:00+00:00,4.285
2026-08-02 04:00:00+00:00,3.62
2026-08-02 05:00:00+00:00,2.61
2026-08-02 06:00:00+00:00,1.52
2026-08-02 07:00:00+00:00,0.625
2026-08-02 08:00:00+00:00,0.141
2026-08-02 09:00:00+00:00,0.209
2026-08-02 10:00:00+00:00,0.833
2026-08-02 11:00:00+00:00,1.811
2026-08-02 12:00:00+00:00,2.822
2026-08-02 13:00:00+00:00,3.61
2026-08-02 14:00:00+00:00,4.049
2026-08-02 15:00:00+00:00,4.069
2026-08-02 16:00:00+00:00,3.633
2026-08-02 17:00:00+00:00,2.824
2026-08-02 18:00:00+00:00,1.87
2026-08-02 19:00:00+00:00,1.035
2026-08-02 20:00:00+00:00,0.52
2026-08-02 21:00:00+00:00,0.456
2026-08-02 22:00:00+00:00,0.894
2026-08-02 23:00:00+00:00,1.732
2026-08-03 00:00:00+00:00,2.718
2026-08-03 01:00:00+00:00,3.583
2026-08-03 02:00:00+00:00,4.155
2026-08-03 03:00:00+00:00,4.324
2026-08-03 04:00:00+00:00,4.002
2026-08-03 05:00:00+00:00,3.206
2026-08-03 06:00:00+00:00,2.139
2026-08-03 07:00:00+00:00,1.112
2026-08-03 08:00:00+00:00,0.386
2026-08-03 09:00:00+00:00,0.119
2026-08-03 10:00:00+00:00,0.381
2026-08-03 11:00:00+00:00,1.119
2026-08-03 12:00:00+00:00,2.122
2026-08-03 13:00:00+00:00,3.105
2026-08-03 14:00:00+00:00,3.851
2026-08-03 15:00:00+00:00,4.231
2026-08-03 16:00:00+00:00,4.154
2026-08-03 17:00:00+00:00,3.597
2026-08-03 18:00:00+00:00,2.704
2026-08-03 19:00:00+00:00,1.757
2026-08-03 20:00:00+00:00,1.018
2026-08-03 21:00:00+00:00,0.631
2026-08-03 22:00:00+00:00,0.664
2026-08-03 23:00:00+00:00,1.125
2026-08-04 00:00:00+00:00,1.913
2026-08-04 01:00:00+00:00,2.81
2026-08-04 02:00:00+00:00,3.586
2026-08-04 03:00:00+00:00,4.069
2026-08-04 04:00:00+00:00,4.124
2026-08-04 05:00:00+00:00,3.668
2026-08-04 06:00:00+00:00,2.78
2026-08-04 07:00:00+00:00,1.729
2026-08-04 08:00:00+00:00,0.834
2026-08-04 09:00:00+00:00,0.297
2026-08-04 10:00:00+00:00,0.201
2026-08-04 11:00:00+00:00,0.568
2026-08-04 12:00:00+00:00,1.346
2026-08-04 13:00:00+00:00,2.351
2026-08-04 14:00:00+00:00,3.328
2026-08-04 15:00:00+00:00,4.058
2026-08-04 16:00:00+00:00,4.385
2026-08-04 17:00:00+00:00,4.209
2026-08-04 18:00:00+00:00,3.556
2026-08-04 19:00:00+00:00,2.638
2026-08-04 20:00:00+00:00,1.759
2026-08-04 21:00:00+00:00,1.127
2026-08-04 22:00:00+00:00,0.813
2026-08-04 23:00:00+00:00,0.848
2026-08-05 00:00:00+00:00,1.256
2026-08-05 01:00:00+00:00,1.97
2026-08-05 02:00:00+00:00,2.804
2026-08-05 03:00:00+00:00,3.526
2026-08-05 04:00:00+00:00,3.935
2026-08-05 05:00:00+00:00,3.883
2026-08-05 06:00:00+00:00,3.326
2026-08-05 07:00:00+00:00,2.414
2026-08-05 08:00:00+00:00,1.453
2026-08-05 09:00:00+00:00,0.715
2026-08-05 10:00:00+00:00,0.318
2026-08-05 11:00:00+00:00,0.299
2026-08-05 12:00:00+00:00,0.695
2026-08-05 13:00:00+00:00,1.485
2026-08-05 14:00:00+00:00,2.51
2026-08-05 15:00:00+00:00,3.508
2026-08-05 16:00:00+00:00,4.23
2026-08-05 17:00:00+00:00,4.502
2026-08-05 18:00:00+00:00,4.246
2026-08-05 19:00:00+00:00,3.552
2026-08-05 20:00:00+00:00,2.675
2026-08-05 21:00:00+00:00,1.884
2026-08-05 22:00:00+00:00,1.308
2026-08-05 23:00:00+00:00,0.974
2026-08-06 00:00:00+00:00,0.934
2026-08-06 01:00:00+00:00,1.265
2026-08-06 02:00:00+00:00,1.934
2026-08-06 03:00:00+00:00,2.742
2026-08-06 04:00:00+00:00,3.429
2026-08-06 05:00:00+00:00,3.774
2026-08-06 06:00:00+00:00,3.643
2026-08-06 07:00:00+00:00,3.049
2026-08-06 08:00:00+00:00,2.187
2026-08-06 09:00:00+00:00,1.345
2026-08-06 10:00:00+00:00,0.717
2026-08-06 11:00:00+00:00,0.367
2026-08-06 12:00:00+00:00,0.341
2026-08-06 13:00:00+00:00,0.731
2026-08-06 14:00:00+00:00,1.55
2026-08-06 15:00:00+00:00,2.62
2026-08-06 16:00:00+00:00,3.645
2026-08-06 17:00:00+00:00,4.357
2026-08-06 18:00:00+00:00,4.587
2026-08-06 19:00:00+00:00,4.303
2026-08-06 20:00:00+00:00,3.634
2026-08-06 21:00:00+00:00,2.825
2026-08-06 22:00:00+00:00,2.079
2026-08-06 23:00:00+00:00,1.469
2026-08-07 00:00:00+00:00,1.035
2026-08-07 01:00:00+00:00,0.898
2026-08-07 02:00:00+00:00,1.182
2026-08-07 03:00:00+00:00,1.844
2026-08-07 04:00:00+00:00,2.651
2026-08-07 05:00:00+00:00,3.314
2026-08-07 06:00:00+00:00,3.621
2026-08-07 07:00:00+00:00,3.472
2026-08-07 08:00:00+00:00,2.911
2026-08-07 09:00:00+00:00,2.134
2026-08-07 10:00:00+00:00,1.372
2026-08-07 11:00:00+00:00,0.763
2026-08-07 12:00:00+00:00,0.37
2026-08-07 13:00:00+00:00,0.301
2026-08-07 14:00:00+00:00,0.697
2026-08-07 15:00:00+00:00,1.564
2026-08-07 16:00:00+00:00,2.685
2026-08-07 17:00:00+00:00,3.732
2026-08-07 18:00:00+00:00,4.442
2026-08-07 19:00:00+00:00,4.676
2026-08-07 20:00:00+00:00,4.425
2026-08-07 21:00:00+00:00,3.811
2026-08-07 22:00:00+00:00,3.035
2026-08-07 23:00:00+00:00,2.251
2026-08-08 00:00:00+00:00,1.53
2026-08-08 01:00:00+00:00,0.972
2026-08-08 02:00:00+00:00,0.766
2026-08-08 03:00:00+00:00,1.046
2026-08-08 04:00:00+00:00,1.73
2026-08-08 05:00:00+00:00,2.547
2026-08-08 06:00:00+00:00,3.213
2026-08-08 07:00:00+00:00,3.539
2026-08-08 08:00:00+00:00,3.438
2026-08-08 09:00:00+00:00,2.946
2026-08-08 10:00:00+00:00,2.222
2026-08-08 11:00:00+00:00,1.458
2026-08-08 12:00:00+00:00,0.782
2026-08-08 13:00:00+00:00,0.305
2026-08-08 14:00:00+00:00,0.198
2026-08-08 15:00:00+00:00,0.622
2026-08-08 16:00:00+00:00,1.543
2026-08-08 17:00:00+00:00,2.703
2026-08-08 18:00:00+00:00,3.775
2026-08-08 19:00:00+00:00,4.521
2026-08-08 20:00:00+00:00,4.812
2026-08-08 21:00:00+00:00,4.618
2026-08-08 22:00:00+00:00,4.03
2026-08-08 23:00:00+00:00,3.215
2026-08-09 00:00:00+00:00,2.321
2026-08-09 01:00:00+00:00,1.462
2026-08-09 02:00:00+00:00,0.808
2026-08-09 03:00:00+00:00,0.58
2026-08-09 04:00:00+00:00,0.888
2026-08-09 05:00:00+00:00,1.608
2026-08-09 06:00:00+00:00,2.461
2026-08-09 07:00:00+00:00,3.182
2026-08-09 08:00:00+00:00,3.588
2026-08-09 09:00:00+00:00,3.567
2026-08-09 10:00:00+00:00,3.118
2026-08-09 11:00:00+00:00,2.375
2026-08-09 12:00:00+00:00,1.529
2026-08-09 13:00:00+00:00,0.745
2026-08-09 14:00:00+00:00,0.189
2026-08-09 15:00:00+00:00,0.068
2026-08-09 16:00:00+00:00,0.526
2026-08-09 17:00:00+00:00,1.491
2026-08-09 18:00:00+00:00,2.69
2026-08-09 19:00:00+00:00,3.816
2026-08-09 20:00:00+00:00,4.638
2026-08-09 21:00:00+00:00,5.002
2026-08-09 22:00:00+00:00,4.836
2026-08-09 23:00:00+00:00,4.205
2026-08-10 00:00:00+00:00,3.285
2026-08-10 01:00:00+00:00,2.257
2026-08-10 02:00:00+00:00,1.287
2026-08-10 03:00:00+00:00,0.584
2026-08-10 04:00:00+00:00,0.371
2026-08-10 05:00:00+00:00,0.728
2026-08-10 06:00:00+00:00,1.51
2026-08-10 07:00:00+00:00,2.445
2026-08-10 08:00:00+00:00,3.277
2026-08-10 09:00:00+00:00,3.788
2026-08-10 10:00:00+00:00,3.819
2026-08-10 11:00:00+00:00,3.344
2026-08-10 12:00:00+00:00,2.513
2026-08-10 13:00:00+00:00,1.552
2026-08-10 14:00:00+00:00,0.666
2026-08-10 15:00:00+00:00,0.056
2026-08-10 16:00:00+00:00,-0.066
2026-08-10 17:00:00+00:00,0.424
2026-08-10 18:00:00+00:00,1.433
2026-08-10 19:00:00+00:00,2.69
2026-08-10 20:00:00+00:00,3.899
2026-08-10 21:00:00+00:00,4.806
2026-08-10 22:00:00+00:00,5.204
2026-08-10 23:00:00+00:00,4.994
2026-08-11 00:00:00+00:00,4.26
2026-08-11 01:00:00+00:00,3.214
2026-08-11 02:00:00+00:00,2.077
2026-08-11 03:00:00+00:00,1.042
2026-08-11 04:00:00+00:00,0.332
2026-08-11 05:00:00+00:00,0.164
2026-08-11 06:00:00+00:00,0.601
2026-08-11 07:00:00+00:00,1.488
2026-08-11 08:00:00+00:00,2.553
2026-08-11 09:00:00+00:00,3.51
2026-08-11 10:00:00+00:00,4.093
2026-08-11 11:00:00+00:00,4.106
2026-08-11 12:00:00+00:00,3.543
2026-08-11 13:00:00+00:00,2.597
2026-08-11 14:00:00+00:00,1.533
2026-08-11 15:00:00+00:00,0.573
2026-08-11 16:00:00+00:00,-0.072
2026-08-11 17:00:00+00:00,-0.187
2026-08-11 18:00:00+00:00,0.344
2026-08-11 19:00:00+00:00,1.416
2026-08-11 20:00:00+00:00,2.755
2026-08-11 21:00:00+00:00,4.042
2026-08-11 22:00:00+00:00,4.983
2026-08-11 23:00:00+00:00,5.338
2026-08-12 00:00:00+00:00,5.022
2026-08-12 01:00:00+00:00,4.166
2026-08-12 02:00:00+00:00,3.021
2026-08-12 03:00:00+00:00,1.82
2026-08-12 04:00:00+00:00,0.762
2026-08-12 05:00:00+00:00,0.081
2026-08-12 06:00:00+00:00,-0.003
2026-08-12 07:00:00+00:00,0.559
2026-08-12 08:00:00+00:00,1.592
2026-08-12 09:00:00+00:00,2.793
2026-08-12 10:00:00+00:00,3.835
2026-08-12 11:00:00+00:00,4.414
2026-08-12 12:00:00+00:00,4.346
2026-08-12 13:00:00+00:00,3.671
2026-08-12 14:00:00+00:00,2.627
2026-08-12 15:00:00+00:00,1.49
2026-08-12 16:00:00+00:00,0.481
2026-08-12 17:00:00+00:00,-0.18
2026-08-12 18:00:00+00:00,-0.264
2026-08-12 19:00:00+00:00,0.336
2026-08-12 20:00:00+00:00,1.493
2026-08-12 21:00:00+00:00,2.9
2026-08-12 22:00:00+00:00,4.207
2026-08-12 23:00:00+00:00,5.097
2026-08-13 00:00:00+00:00,5.341
2026-08-13 01:00:00+00:00,4.898
2026-08-13 02:00:00+00:00,3.943
2026-08-13 03:00:00+00:00,2.741
2026-08-13 04:00:00+00:00,1.516
2026-08-13 05:00:00+00:00,0.474
2026-08-13 06:00:00+00:00,-0.129
2026-08-13 07:00:00+00:00,-0.074
2026-08-13 08:00:00+00:00,0.655
2026-08-13 09:00:00+00:00,1.834
2026-08-13 10:00:00+00:00,3.119
2026-08-13 11:00:00+00:00,4.162
2026-08-13 12:00:00+00:00,4.669
2026-08-13 13:00:00+00:00,4.493
2026-08-13 14:00:00+00:00,3.723
2026-08-13 15:00:00+00:00,2.614
2026-08-13 16:00:00+00:00,1.432
2026-08-13 17:00:00+00:00,0.399
2026-08-13 18:00:00+00:00,-0.242
2026-08-13 19:00:00+00:00,-0.249
2026-08-13 20:00:00+00:00,0.451
2026-08-13 21:00:00+00:00,1.678
2026-08-13 22:00:00+00:00,3.088
2026-08-13 23:00:00+00:00,4.326
